filename,split,background_cluster,background_type
harvest_20260524_100451_987229_jpg.rf.45c163a4146dc1d6b5a61e6339f6d0c1.jpg,test,0,half_sky_half_ground
harvest_20260524_100452_758199_jpg.rf.887247605ff838a9cf42929627252976.jpg,test,0,half_sky_half_ground
harvest_20260524_100453_063349_jpg.rf.8d4fbd61f7324ddc1fed050e872a7ac8.jpg,test,0,half_sky_half_ground
harvest_20260524_100453_237910_jpg.rf.0cdf6a860ea7985ba1bb72d0a8b437f6.jpg,test,0,half_sky_half_ground
harvest_20260524_101220_720614_jpg.rf.fc535f4942057c7ecf41bdd1cf41483c.jpg,test,0,half_sky_half_ground
harvest_20260524_101221_074675_jpg.rf.edbc1ed2e4190194a8e4f3ccb1c11b55.jpg,test,0,half_sky_half_ground
harvest_20260524_101222_408075_jpg.rf.480977e521496fcc40ef9edafa9533f2.jpg,test,0,half_sky_half_ground
harvest_20260524_101223_079282_jpg.rf.49c9fc8ee04a3231461b4304c8cbbee9.jpg,test,0,half_sky_half_ground
harvest_20260524_101224_257131_jpg.rf.8809949bc5b95a79bc00bac0e5c67141.jpg,test,0,half_sky_half_ground
harvest_20260524_101224_424681_jpg.rf.a24a05eeb92ab9a465d3e012feaea794.jpg,test,0,half_sky_half_ground
harvest_20260524_101224_878468_jpg.rf.263041f46de0f63637c4ad013c652097.jpg,test,0,half_sky_half_ground
harvest_20260524_101225_004135_jpg.rf.ac2b8617f6028906e4b128449977b46d.jpg,test,0,half_sky_half_ground
harvest_20260524_101225_154729_jpg.rf.656693a5d2925465f94c172b20227e2d.jpg,test,0,half_sky_half_ground
harvest_20260524_101225_580591_jpg.rf.11a6c12bb67d53de4827991e601b59a6.jpg,test,0,half_sky_half_ground
harvest_20260524_101225_852862_jpg.rf.750b6102b2daddfd12845899256101c5.jpg,test,0,half_sky_half_ground
harvest_20260524_101225_993488_jpg.rf.a9e34da52df1b58af9a2d6604648c766.jpg,test,0,half_sky_half_ground
harvest_20260524_101226_134112_jpg.rf.61f46ed8e971d51c82e222bf4b2fc0a2.jpg,test,0,half_sky_half_ground
harvest_20260524_101226_450268_jpg.rf.7f4b1d86581b6c5cb2fe5a06ac650311.jpg,test,0,half_sky_half_ground
harvest_20260524_101227_168344_jpg.rf.228176a99bdc2f55578d6c290555ff40.jpg,test,0,half_sky_half_ground
harvest_20260524_101227_314954_jpg.rf.aaa8a8e3fc67e91e75afc99c16f25052.jpg,test,0,half_sky_half_ground
harvest_20260524_101227_604179_jpg.rf.c01a6d2d7da787383eb3ef98288845fa.jpg,test,0,half_sky_half_ground
harvest_20260524_101227_756772_jpg.rf.9cf35345b6124d6db77275c962b7e5fa.jpg,test,0,half_sky_half_ground
harvest_20260524_101227_904377_jpg.rf.c1bafe82be5faf8cc290ab32cb31b96d.jpg,test,0,half_sky_half_ground
harvest_20260524_101228_680306_jpg.rf.c98ecef3d87a8088d6040a14b4434df5.jpg,test,0,half_sky_half_ground
harvest_20260524_101229_302639_jpg.rf.f565a7f6e9f42f49a7773ef5901f986e.jpg,test,0,half_sky_half_ground
harvest_20260524_101247_745311_jpg.rf.15c16f1b199fb52aeb32d61047940be4.jpg,test,0,half_sky_half_ground
harvest_20260524_101248_309803_jpg.rf.67d4a8f89e2c11fe25e93a56be2ce42e.jpg,test,0,half_sky_half_ground
harvest_20260524_101249_852675_jpg.rf.7cf7c9e4b9023c23cb78cc0992996fd6.jpg,test,0,half_sky_half_ground
harvest_20260524_101250_742319_jpg.rf.8fc90012d1252213d5e86dea0b22aac1.jpg,test,0,half_sky_half_ground
harvest_20260524_101251_184114_jpg.rf.a1ba519b3b62d2a82b0296e6d1ed14f2.jpg,test,0,half_sky_half_ground
harvest_20260524_101327_406250_jpg.rf.0114baf1b2a2e90ea5a5c3741baf3dcd.jpg,test,0,half_sky_half_ground
harvest_20260524_101328_343729_jpg.rf.ceb354c6e508c3f1ac68219bbb949771.jpg,test,0,half_sky_half_ground
harvest_20260524_101328_634950_jpg.rf.c862fd38264a602b0ecd8802436e3995.jpg,test,0,half_sky_half_ground
harvest_20260524_155934_618870_jpg.rf.edd3a0802984968604fd5d023fd34dd8.jpg,test,0,half_sky_half_ground
harvest_20260524_155934_793404_jpg.rf.c6c23f4bf55d22b2ea370eddcdc0bc0b.jpg,test,0,half_sky_half_ground
harvest_20260524_155934_981929_jpg.rf.f5fbef1852e644a04701885f8cac6f35.jpg,test,0,half_sky_half_ground
harvest_20260526_145818_563253_jpg.rf.79a898056ee927d152e77a3140842afb.jpg,test,0,half_sky_half_ground
harvest_20260526_145850_917543_jpg.rf.f6a770034edba0727466ca7aa6b39cff.jpg,test,0,half_sky_half_ground
harvest_20260526_151557_388840_jpg.rf.d3fbc462fc93924f2d5a636b9a835d23.jpg,test,0,half_sky_half_ground
harvest_20260526_151557_900541_jpg.rf.cf8efd89943dad996bf3b0a0b7f2a8e5.jpg,test,0,half_sky_half_ground
harvest_20260527_012454_861017_jpg.rf.6ee6d1fdb555d0a4e15e4f9bd58ad94b.jpg,test,0,half_sky_half_ground
harvest_20260527_012456_409865_jpg.rf.be26918e1b606cdc89a0d3f359da5958.jpg,test,0,half_sky_half_ground
harvest_20260527_012458_089186_jpg.rf.e3d73ad851952a8ad6cd29d5bb006014.jpg,test,0,half_sky_half_ground
harvest_20260527_012459_215538_jpg.rf.7d062fe03f5a70cd10a3fbb2ccc8a1ea.jpg,test,0,half_sky_half_ground
harvest_20260523_222131_841534_jpg.rf.fd432384bc1f56d1c4db9907f20c1244.jpg,test,1,pole_no_sky
harvest_20260523_222132_827912_jpg.rf.ea855ed6210c35e55de682c8100c3730.jpg,test,1,pole_no_sky
harvest_20260523_222132_973514_jpg.rf.c6e0687e9985bdac5fb23562e2dca33f.jpg,test,1,pole_no_sky
harvest_20260523_222133_636743_jpg.rf.8e1c8cc9f80b8024af51e74281eb291e.jpg,test,1,pole_no_sky
harvest_20260523_222133_816264_jpg.rf.ebd217e339c530218d645228948b4cd6.jpg,test,1,pole_no_sky
harvest_20260526_171330_925102_jpg.rf.23f78bc29164db1119d9e15685b910a4.jpg,test,1,pole_no_sky
harvest_20260526_171331_357910_jpg.rf.7128856a7558392b69e418e7014b1c4a.jpg,test,1,pole_no_sky
harvest_20260526_171334_826940_jpg.rf.3701f9ce6ebade8eb997d621e8a66b4c.jpg,test,1,pole_no_sky
harvest_20260526_171334_972551_jpg.rf.ceaace7d4a1a1a74fb0f255c9c15d723.jpg,test,1,pole_no_sky
harvest_20260526_171337_637173_jpg.rf.2d1cb53b53c9d456f5774917d660ee8e.jpg,test,1,pole_no_sky
harvest_20260526_171337_828023_jpg.rf.f51e5de055415d743cf31d1900e80408.jpg,test,1,pole_no_sky
harvest_20260526_171338_901147_jpg.rf.fa5190c2d79cecfa2bce504cc6e22506.jpg,test,1,pole_no_sky
harvest_20260526_171340_066157_jpg.rf.5d2e056c0b4cce136b41a322c2f16e79.jpg,test,1,pole_no_sky
harvest_20260526_171340_995674_jpg.rf.b796a94beac0f473a3d0fa2ffd637085.jpg,test,1,pole_no_sky
harvest_20260526_171348_248551_jpg.rf.0694a39499292acd131fc9d4c9f0f994.jpg,test,1,pole_no_sky
harvest_20260526_171349_711812_jpg.rf.9acde8616ae8da88b7669dd1fd51e3ca.jpg,test,1,pole_no_sky
harvest_20260527_005243_101105_jpg.rf.7f903cad878345dff2e032c4ca28a610.jpg,test,1,pole_no_sky
harvest_20260522_224333_436805_jpg.rf.9bb0d80ef2550b0a6e2242c67dadd309.jpg,test,2,sky_with_moon
harvest_20260522_224336_778094_jpg.rf.84c8c707469e4e0b9689b3b42b086e7e.jpg,test,2,sky_with_moon
harvest_20260522_224337_087264_jpg.rf.9aa11188d2fa22729f4d2419bbc7947b.jpg,test,2,sky_with_moon
harvest_20260522_224337_579494_jpg.rf.2e36ff864f8e5090d86921ad35ac98f8.jpg,test,2,sky_with_moon
harvest_20260522_224337_877483_jpg.rf.908a9668b0f02d97d3084966050e0f32.jpg,test,2,sky_with_moon
harvest_20260522_224339_390379_jpg.rf.7256d2302a88496cb619f638ca2c0463.jpg,test,2,sky_with_moon
harvest_20260522_224340_209508_jpg.rf.8348cade42ec5d496d065df9ba3b702b.jpg,test,2,sky_with_moon
harvest_20260522_224341_181400_jpg.rf.ef2dcc3e7f07a5f9f1bab0848ae330c2.jpg,test,2,sky_with_moon
harvest_20260522_224342_041901_jpg.rf.9a0c5994aad88c85a185f3776d9f4c1b.jpg,test,2,sky_with_moon
harvest_20260522_225244_522705_jpg.rf.28146a2188eaaa9506056d94ec6c201c.jpg,test,2,sky_with_moon
harvest_20260522_225244_726679_jpg.rf.8f863655e45ffd4b782a04a91f2df8cd.jpg,test,2,sky_with_moon
harvest_20260522_225248_693712_jpg.rf.18548b671336f56f2e8779496357e726.jpg,test,2,sky_with_moon
harvest_20260522_225248_858049_jpg.rf.39711e4ecd38d23bd3a7bbbbbb1e9a68.jpg,test,2,sky_with_moon
harvest_20260522_225248_994201_jpg.rf.dde23af4875bbc11c8744e948f8603db.jpg,test,2,sky_with_moon
harvest_20260522_225249_148173_jpg.rf.1fb0d5555c364777668c6fe61bbefa01.jpg,test,2,sky_with_moon
harvest_20260522_225249_628892_jpg.rf.e2352ed4ab11c3cab364c5df71676b1c.jpg,test,2,sky_with_moon
harvest_20260522_225249_796965_jpg.rf.23221cf1127aecbc96b2cf78a6855e0a.jpg,test,2,sky_with_moon
harvest_20260522_225249_991988_jpg.rf.e1e3b9fabf6d98b0f3af4bf3cabc167e.jpg,test,2,sky_with_moon
harvest_20260522_225250_348042_jpg.rf.531c2485c05c8b715ae60e490a648d84.jpg,test,2,sky_with_moon
harvest_20260522_225250_526138_jpg.rf.6a08999851373ab156ec69a46cd5bf5c.jpg,test,2,sky_with_moon
harvest_20260523_204415_640432_jpg.rf.2ffc44d0775e32b255ed1e7b492a14c2.jpg,test,2,sky_with_moon
harvest_20260523_204416_114456_jpg.rf.9ed726d5cb09b4bc001a01a4ef966c43.jpg,test,2,sky_with_moon
harvest_20260523_204416_721099_jpg.rf.3521d1278ba31f7d16b407ee3e66c97a.jpg,test,2,sky_with_moon
harvest_20260523_204417_516731_jpg.rf.e3672df5e9b5c8b397a569fa53c0b53c.jpg,test,2,sky_with_moon
harvest_20260523_204420_526351_jpg.rf.1ca7562a62c744d00a060e11f9d4f425.jpg,test,2,sky_with_moon
harvest_20260523_204421_205587_jpg.rf.a5b8867e3f4798c67a58c70b4f6e87da.jpg,test,2,sky_with_moon
harvest_20260523_204421_494814_jpg.rf.ceaca3289592342d4b2966f6238092bf.jpg,test,2,sky_with_moon
harvest_20260523_204421_850000_jpg.rf.4d8de38fc5e4287e3d2b8fb8688f05b2.jpg,test,2,sky_with_moon
harvest_20260523_204422_044482_jpg.rf.79fe20a541a05110390928548bb32453.jpg,test,2,sky_with_moon
harvest_20260523_204422_455409_jpg.rf.b0dbbe8944663dc55743e316fcaca5be.jpg,test,2,sky_with_moon
harvest_20260523_204422_626366_jpg.rf.59c920c701dd1c3377d43c61e2cecc70.jpg,test,2,sky_with_moon
harvest_20260523_204425_389144_jpg.rf.027c107ef8929665b333eb26ce04c0dd.jpg,test,2,sky_with_moon
harvest_20260524_100800_767920_jpg.rf.fc6ee330f21752dc9d3d8cc7371d0a8d.jpg,test,2,sky_with_moon
harvest_20260524_100801_452124_jpg.rf.9b907510d4ba063559c6be5c460fdb46.jpg,test,2,sky_with_moon
harvest_20260524_100801_889921_jpg.rf.1107dbf3ec2102fa41f72d4a2e6f2803.jpg,test,2,sky_with_moon
harvest_20260524_100802_001622_jpg.rf.bd74f381dbd6db8439c1dfde22d11781.jpg,test,2,sky_with_moon
harvest_20260524_100802_852346_jpg.rf.087da36ff83f9cc2e4f7adae15bd0515.jpg,test,2,sky_with_moon
harvest_20260524_100803_319097_jpg.rf.902f51cfad24bdbb469d907bba0cb1f2.jpg,test,2,sky_with_moon
harvest_20260524_100803_999279_jpg.rf.cd786d00600fe2579986e3daca9e34f9.jpg,test,2,sky_with_moon
harvest_20260524_100804_156858_jpg.rf.5f59080b110dea37cb74ccdf5cd3f7bb.jpg,test,2,sky_with_moon
harvest_20260524_160032_525001_jpg.rf.c78d64f4234ddbc06c3ffb9aec7338f6.jpg,test,2,sky_with_moon
harvest_20260524_160032_717495_jpg.rf.cb59815f371402ee6b6b87a13948de86.jpg,test,2,sky_with_moon
harvest_20260524_160116_324490_jpg.rf.bd1870eadc5b06d62fd4aae0b7aa6011.jpg,test,2,sky_with_moon
harvest_20260524_160117_153274_jpg.rf.082af0077b253a725af4dd9c7487ac24.jpg,test,2,sky_with_moon
harvest_20260524_160117_302877_jpg.rf.3a65b1d010c653feefb55122283c4a80.jpg,test,2,sky_with_moon
harvest_20260524_160117_770134_jpg.rf.f8e196a0e4b58b85800e4175cd2ced02.jpg,test,2,sky_with_moon
harvest_20260524_160117_939710_jpg.rf.b318e9e05b0843afef76ca1083a9913d.jpg,test,2,sky_with_moon
harvest_20260524_160118_106237_jpg.rf.2be27b949ca8b6194fa4f0703dfc379c.jpg,test,2,sky_with_moon
harvest_20260524_160118_262824_jpg.rf.c089bc5e47c5a9d0a570ce62c006f6f2.jpg,test,2,sky_with_moon
harvest_20260524_160118_599943_jpg.rf.fc02439ecda4dcc63198f0c3983717ad.jpg,test,2,sky_with_moon
harvest_20260524_213809_334905_jpg.rf.7b7a96f33f2ba0833ef1841ce88768b0.jpg,test,2,sky_with_moon
harvest_20260524_213809_699211_jpg.rf.07c8e7ae13d217a23780a3732dd458fe.jpg,test,2,sky_with_moon
harvest_20260524_213810_012289_jpg.rf.62c28963c1ee15a9a98e43b9b44ca3f7.jpg,test,2,sky_with_moon
harvest_20260524_213810_145264_jpg.rf.8aae47bd60c6310ae98445b50c0d6fd3.jpg,test,2,sky_with_moon
harvest_20260526_145815_304714_jpg.rf.8daee76a982e2e07e510c7b58ded4df4.jpg,test,2,sky_with_moon
harvest_20260526_150735_157500_jpg.rf.5693a260ac592d20dc2d2cd1d95e5717.jpg,test,2,sky_with_moon
harvest_20260526_150736_558857_jpg.rf.2fafb0dc0dd89abb4332d9860b1e0f1a.jpg,test,2,sky_with_moon
harvest_20260526_150738_821624_jpg.rf.487043e60d123c4f378824bafd607a5b.jpg,test,2,sky_with_moon
harvest_20260526_150740_913566_jpg.rf.75a3908310037b4a4b2fc8fc53959d95.jpg,test,2,sky_with_moon
harvest_20260526_150742_134308_jpg.rf.ee6d4d4758209c6b426a7f2664af34fd.jpg,test,2,sky_with_moon
bg_Rec_0001_001220_jpg.rf.3422105a3ad6af3777b384f922cdfb44.jpg,test,3,half_sky_half_ground
bg_Rec_0001_001270_jpg.rf.bd8727ae5d8e7b1cde5114b17ee3d973.jpg,test,3,half_sky_half_ground
bg_Rec_0001_001280_jpg.rf.55c908202dfa232d1ccb5b1f9aea841c.jpg,test,3,half_sky_half_ground
bg_Rec_0001_001295_jpg.rf.fd88040f995d0bc17e44733b9ef5e06e.jpg,test,3,half_sky_half_ground
bg_Rec_0001_001300_jpg.rf.81c4c9b123493bfa744dec78e08027d3.jpg,test,3,half_sky_half_ground
bg_Rec_0001_001325_jpg.rf.55b2481718b61c3ed3e3689e0eb92a31.jpg,test,3,half_sky_half_ground
bg_Rec_0001_001340_jpg.rf.5baa69418648feca3ad30c96bba57fa2.jpg,test,3,half_sky_half_ground
bg_Rec_0001_001350_jpg.rf.28adf88377b2afecdb4f187a379a2bf4.jpg,test,3,half_sky_half_ground
bg_Rec_0001_001355_jpg.rf.e4eb13a0de8ded4c90147768c03d284a.jpg,test,3,half_sky_half_ground
bg_Rec_0001_001370_jpg.rf.504a09ed21892a79a6b6e9a69a291561.jpg,test,3,half_sky_half_ground
bg_Rec_0001_001375_jpg.rf.a033d23b49daf067205f11c5dae73487.jpg,test,3,half_sky_half_ground
bg_Rec_0001_001380_jpg.rf.910c0ece93c8a515a6c4ac1adb184efc.jpg,test,3,half_sky_half_ground
bg_Rec_0001_001395_jpg.rf.1dbdfdc40f0abae17ed234d86b29aa44.jpg,test,3,half_sky_half_ground
bg_Rec_0001_001400_jpg.rf.27dfd31038871e996034d1f035bba290.jpg,test,3,half_sky_half_ground
bg_Rec_0001_001420_jpg.rf.10490a395a33af3e472e763176604d65.jpg,test,3,half_sky_half_ground
bg_Rec_0001_001440_jpg.rf.7e691fe892488bc539e9e46621a77c67.jpg,test,3,half_sky_half_ground
bg_Rec_0001_001450_jpg.rf.6dac33f5dbdd03e051e6673c509143a5.jpg,test,3,half_sky_half_ground
bg_Rec_0001_001455_jpg.rf.b9a0f83be4f9e85da6f2093765e9f25a.jpg,test,3,half_sky_half_ground
bg_Rec_0001_001465_jpg.rf.ee9cecba13f6b49923ecaa7ad41cf5cd.jpg,test,3,half_sky_half_ground
bg_Rec_0001_001475_jpg.rf.60369e39f486407f0fe4e9e0532a337b.jpg,test,3,half_sky_half_ground
bg_Rec_0001_001495_jpg.rf.fc0319d0a817da3a94b13193e6f80368.jpg,test,3,half_sky_half_ground
bg_Rec_0001_001510_jpg.rf.28aecce22d415e6a322599b1a918aefc.jpg,test,3,half_sky_half_ground
bg_Rec_0001_001520_jpg.rf.bf5246702855af22a044e1edfd1f24fc.jpg,test,3,half_sky_half_ground
bg_Rec_0001_001535_jpg.rf.17bf8a52692f6bd7e4cd4f7103d4160e.jpg,test,3,half_sky_half_ground
bg_Rec_0001_001565_jpg.rf.f68634bb238e1a058f46dec188ca2175.jpg,test,3,half_sky_half_ground
bg_Rec_0001_001570_jpg.rf.14503ec4423ea9e6ef4646335b62ca11.jpg,test,3,half_sky_half_ground
harvest_20260524_153434_459702_jpg.rf.f77fcd366dd559564e18ab3bc8dd380e.jpg,test,4,sky_with_light_pole
harvest_20260524_153434_853619_jpg.rf.49867658e78315311843e9a2da8c79fc.jpg,test,4,sky_with_light_pole
harvest_20260524_153435_004217_jpg.rf.d6479c242b4effefb4a05d0cfd760584.jpg,test,4,sky_with_light_pole
harvest_20260524_153436_470297_jpg.rf.8561b7a8cf49557b997a0b741c26802e.jpg,test,4,sky_with_light_pole
harvest_20260524_153436_813379_jpg.rf.2a29c57dcb0bc8e2846735b3defd9314.jpg,test,4,sky_with_light_pole
harvest_20260524_153436_988909_jpg.rf.9202cc285fd847074be48975ad933915.jpg,test,4,sky_with_light_pole
harvest_20260524_153437_319028_jpg.rf.43fba73d2af0c21785a37b004e06c0c1.jpg,test,4,sky_with_light_pole
harvest_20260524_153437_662108_jpg.rf.3d3123ad170ee5264f23c5a399486126.jpg,test,4,sky_with_light_pole
harvest_20260524_153437_828663_jpg.rf.de33422fda6e4599335ab8e7b642ed76.jpg,test,4,sky_with_light_pole
harvest_20260524_153438_379191_jpg.rf.fd6e3cc33345e0b7313b059ae0282f34.jpg,test,4,sky_with_light_pole
harvest_20260524_153439_041421_jpg.rf.457ae9439e67eccac8ec2c1c6b9960c7.jpg,test,4,sky_with_light_pole
harvest_20260524_153439_208969_jpg.rf.bb9ea6e0ae3b8a269cc882cbc50bf001.jpg,test,4,sky_with_light_pole
harvest_20260524_153439_567012_jpg.rf.97ab1d428a9aea1b5e94be20cd188287.jpg,test,4,sky_with_light_pole
harvest_20260524_153439_835296_jpg.rf.8051184748977214af54962f9febee57.jpg,test,4,sky_with_light_pole
harvest_20260524_153440_033764_jpg.rf.e95325bb2ddf2ff500824562eb3ff2d0.jpg,test,4,sky_with_light_pole
harvest_20260524_153440_265146_jpg.rf.17bbf7a9f3f0dbb9eb906bf00611ec5d.jpg,test,4,sky_with_light_pole
harvest_20260524_153440_499518_jpg.rf.76275672f19bac3790742869826446b4.jpg,test,4,sky_with_light_pole
harvest_20260524_153441_165736_jpg.rf.e2f6a8c8b0c403877295dd0c27a7d7e0.jpg,test,4,sky_with_light_pole
harvest_20260524_153441_569658_jpg.rf.d3352693064a33e4d07f86694bdc01a2.jpg,test,4,sky_with_light_pole
harvest_20260524_153441_911743_jpg.rf.c2239d28d072050660ee6ea8cea1b088.jpg,test,4,sky_with_light_pole
harvest_20260527_011149_107318_jpg.rf.6a4a0885f60a429236c404028e7c522a.jpg,test,5,cloudy_sky_with_moon
harvest_20260527_011151_757050_jpg.rf.0d8db8fc36300ce677e2eb8a497c8586.jpg,test,5,cloudy_sky_with_moon
harvest_20260527_011152_397851_jpg.rf.0121da998202f66ec21a5f01b0c67314.jpg,test,5,cloudy_sky_with_moon
harvest_20260527_011152_923157_jpg.rf.b052fb71645cd85cc8eb06c0d7aac156.jpg,test,5,cloudy_sky_with_moon
harvest_20260527_011156_059072_jpg.rf.41d0da3dd1f9cadfde0d4334b8f0ecb3.jpg,test,5,cloudy_sky_with_moon
harvest_20260527_011159_331659_jpg.rf.3a7b2eb41436cd7998c136ccec9e308c.jpg,test,5,cloudy_sky_with_moon
harvest_20260527_011159_785955_jpg.rf.c6839a46dc16f2c5774cd7fd75c89269.jpg,test,5,cloudy_sky_with_moon
harvest_20260527_012832_566212_jpg.rf.c06f5fbe23bad8170e08e567db75da20.jpg,test,5,cloudy_sky_with_moon
harvest_20260527_012833_514391_jpg.rf.ce71f4292bb48767d58887a01b6510b2.jpg,test,5,cloudy_sky_with_moon
harvest_20260527_012833_576226_jpg.rf.5deea8da033f3b5480c7acf7ac42f457.jpg,test,5,cloudy_sky_with_moon
harvest_20260527_012833_696903_jpg.rf.5e557feaf563cfed2c51ec479bc87c47.jpg,test,5,cloudy_sky_with_moon
harvest_20260527_115106_851382_jpg.rf.b9f0376a1242aa1cc57564d20a26e0ca.jpg,test,5,cloudy_sky_with_moon
harvest_20260527_115130_327491_jpg.rf.7d36188ae7a76f485890e02703832850.jpg,test,5,cloudy_sky_with_moon
harvest_20260527_122141_437811_jpg.rf.06344abdc1ac74e9e857ab7a572e13b3.jpg,test,5,cloudy_sky_with_moon
harvest_20260527_122234_218259_jpg.rf.2052370855ae9476fa91279951915098.jpg,test,5,cloudy_sky_with_moon
harvest_20260524_141328_266811_jpg.rf.58ea5e4f0b045e6c060f508ffaa4033c.jpg,test,6,car_ground_background
harvest_20260524_141329_731890_jpg.rf.c0b0ca327fe207e6456e39921fc0878d.jpg,test,6,car_ground_background
harvest_20260524_141330_200637_jpg.rf.2892d8138eb1ae9be84fe21a6a5eb253.jpg,test,6,car_ground_background
harvest_20260524_141330_364200_jpg.rf.567a443714b2186a7dca8ebf56de725a.jpg,test,6,car_ground_background
harvest_20260524_160027_872461_jpg.rf.c7702ab81408156edb76d1da180664d6.jpg,test,6,car_ground_background
harvest_20260524_160028_475847_jpg.rf.3b51408bf1f109c0e70d163a02db88e3.jpg,test,6,car_ground_background
harvest_20260524_163021_163394_jpg.rf.2fc70f83b08252b9f1fbd2763557cc35.jpg,test,6,car_ground_background
harvest_20260524_163021_366840_jpg.rf.7d4069a6d3ab44730a0dcec871eaffce.jpg,test,6,car_ground_background
harvest_20260524_163023_184862_jpg.rf.9e235a7dfba00a8a9dddb3809dfcf652.jpg,test,6,car_ground_background
harvest_20260524_163023_857065_jpg.rf.1798b72b67610fb97fd5ba699357eb0f.jpg,test,6,car_ground_background
harvest_20260524_163024_716767_jpg.rf.d64ad3ea4860bb6217bae431b9afb3d9.jpg,test,6,car_ground_background
harvest_20260524_163024_857391_jpg.rf.94f66de277578a06cbf779472e6ed2e4.jpg,test,6,car_ground_background
harvest_20260524_163025_011976_jpg.rf.f84c3b73dbcb33a6aa6efd069015b4c3.jpg,test,6,car_ground_background
harvest_20260524_163025_355058_jpg.rf.98bd31876398e94ee748889d5788c533.jpg,test,6,car_ground_background
harvest_20260524_163025_776931_jpg.rf.2527204a1f6237e30d2a0ee25501246b.jpg,test,6,car_ground_background
harvest_20260524_163026_055185_jpg.rf.e57cc064900401f2873a2431a1cdc87f.jpg,test,6,car_ground_background
harvest_20260524_163026_515981_jpg.rf.0c68c64e9ba96f6e130ee1b289c0217b.jpg,test,6,car_ground_background
harvest_20260524_163027_437488_jpg.rf.76ded8d4a97bc02f33c83acccda833de.jpg,test,6,car_ground_background
harvest_20260524_163027_717740_jpg.rf.0c2fa2090fb877ebea6c7a3afed33820.jpg,test,6,car_ground_background
harvest_20260524_163028_140607_jpg.rf.a0d3e0171b37800e61305c10e1e367ad.jpg,test,6,car_ground_background
harvest_20260524_163028_271260_jpg.rf.7129f302b72c5b17c9dd9f1f91021a2d.jpg,test,6,car_ground_background
harvest_20260524_163028_693129_jpg.rf.6f4b2a0a1f23f662f45b97d967247390.jpg,test,6,car_ground_background
harvest_20260524_163028_797850_jpg.rf.30f1bb368d7b7d23793ebc56a8db91e7.jpg,test,6,car_ground_background
harvest_20260524_163212_024593_jpg.rf.c949b2204b1eff319e37340f2a2be911.jpg,test,6,car_ground_background
harvest_20260524_163212_395577_jpg.rf.db641143f5d5aeef6c511951bc373476.jpg,test,6,car_ground_background
harvest_20260524_163212_580081_jpg.rf.7445a05402cf1eefc71ec98c7b184f4b.jpg,test,6,car_ground_background
harvest_20260524_163212_761603_jpg.rf.f31db1f3294bb5338b8879ed1336c408.jpg,test,6,car_ground_background
harvest_20260524_163212_966082_jpg.rf.32ec068cf391f58bf55a5829c63ec97b.jpg,test,6,car_ground_background
harvest_20260524_163213_146564_jpg.rf.14b9e4a13782df8e67d879b6d9851690.jpg,test,6,car_ground_background
harvest_20260524_163213_683132_jpg.rf.c0d9f9f5b4ce5b06516e0322fa1054c7.jpg,test,6,car_ground_background
harvest_20260524_163214_049152_jpg.rf.68c273835f49cf98f6dbc8d256541487.jpg,test,6,car_ground_background
harvest_20260524_163214_223721_jpg.rf.b37737cca42c3d6a3366675dd0ab76df.jpg,test,6,car_ground_background
harvest_20260524_173509_754193_jpg.rf.d3db1d0e9f1917216948a75d854cd16a.jpg,test,6,car_ground_background
harvest_20260524_173522_569188_jpg.rf.f4ad6e56abd401bac8f930bcdbcbe575.jpg,test,6,car_ground_background
harvest_20260524_173522_702826_jpg.rf.f9c3a7115b060129009b1427c70b6599.jpg,test,6,car_ground_background
harvest_20260524_173523_356105_jpg.rf.5937afbae537c43fe3a464fe5eaa9ace.jpg,test,6,car_ground_background
harvest_20260524_173523_643309_jpg.rf.1f16fa1588e6aa7b02bceff34e925acd.jpg,test,6,car_ground_background
bg_Rec_0002_002070_jpg.rf.633fe53dee55b97b33c43494e874f7de.jpg,test,7,half_sky_half_ground
bg_Rec_0002_002080_jpg.rf.2bf15e2759732ede579883fc09849bd9.jpg,test,7,half_sky_half_ground
bg_Rec_0002_002125_jpg.rf.ce8222a069c6814c12f714137f3fbbd5.jpg,test,7,half_sky_half_ground
bg_Rec_0002_002135_jpg.rf.f56f4914c35bc40e043d7ccd68430a7d.jpg,test,7,half_sky_half_ground
bg_Rec_0002_002145_jpg.rf.7777b4a9b8ff2e80a3212a2c448fa0c7.jpg,test,7,half_sky_half_ground
bg_Rec_0002_002185_jpg.rf.079a117c1e8863b531e71378201845f7.jpg,test,7,half_sky_half_ground
bg_Rec_0002_002190_jpg.rf.98835d1daf9bdf4f08a0c050b2bd4906.jpg,test,7,half_sky_half_ground
bg_Rec_0002_002215_jpg.rf.f4cf73740649f22c147ddfeee2c49386.jpg,test,7,half_sky_half_ground
bg_Rec_0002_002235_jpg.rf.95317e9c973e43327b47693a44f73eb7.jpg,test,7,half_sky_half_ground
bg_Rec_0002_002255_jpg.rf.f7533966e81a6f4b9bbb8848e9823d11.jpg,test,7,half_sky_half_ground
bg_Rec_0002_002280_jpg.rf.98f4c77bb6720484ff8f29f2193435bc.jpg,test,7,half_sky_half_ground
harvest_20260524_101049_150498_jpg.rf.01d0863de44fda8bf1b050c1e00ab668.jpg,test,8,mostly_sky_with_some_ground
harvest_20260524_101049_794793_jpg.rf.8f353f19a0e1c5917e5c69ebb0f7ebf6.jpg,test,8,mostly_sky_with_some_ground
harvest_20260524_141455_440642_jpg.rf.de368d49142fc0704f64610238d415ed.jpg,test,8,mostly_sky_with_some_ground
harvest_20260524_160029_967862_jpg.rf.8c3b2ac82633b9e4b1d50b6b1f3109f3.jpg,test,8,mostly_sky_with_some_ground
harvest_20260524_160030_139392_jpg.rf.ef9dd10b0b27e04b2cc4311c0aa2649d.jpg,test,8,mostly_sky_with_some_ground
harvest_20260524_160030_596144_jpg.rf.ac740bbb5481085309d82e2c9178ced5.jpg,test,8,mostly_sky_with_some_ground
harvest_20260524_160031_091820_jpg.rf.aff12a9505c233bb47a428746cf77e21.jpg,test,8,mostly_sky_with_some_ground
harvest_20260524_160032_020361_jpg.rf.9e5ed99f28d1eb46c1a383c4d61d99b1.jpg,test,8,mostly_sky_with_some_ground
harvest_20260524_160032_174923_jpg.rf.30e1523c92734690fb2deaf1d89386df.jpg,test,8,mostly_sky_with_some_ground
harvest_20260524_162453_510885_jpg.rf.3fc05ccfe8c15fe1c0422f1a3b934f74.jpg,test,8,mostly_sky_with_some_ground
harvest_20260524_162453_708353_jpg.rf.421258564871555c8347f8e8e3bf2645.jpg,test,8,mostly_sky_with_some_ground
harvest_20260524_162453_836994_jpg.rf.9082949041ce18af4197362382d9aa76.jpg,test,8,mostly_sky_with_some_ground
harvest_20260524_162454_013512_jpg.rf.3c9ebd7e56448145b114f934fe8ceefc.jpg,test,8,mostly_sky_with_some_ground
harvest_20260524_162454_360583_jpg.rf.c38dc182bde6bf96110bb1dacc2acfb2.jpg,test,8,mostly_sky_with_some_ground
harvest_20260524_162455_205332_jpg.rf.03bedd678728b0b583fc6d788d0a1eff.jpg,test,8,mostly_sky_with_some_ground
harvest_20260524_162455_681092_jpg.rf.2995b52d3235e829b5a79e92ceefaaa4.jpg,test,8,mostly_sky_with_some_ground
harvest_20260524_162456_188719_jpg.rf.745c348e5b7dfb57dc002ec7ce25e39c.jpg,test,8,mostly_sky_with_some_ground
harvest_20260524_162456_345275_jpg.rf.b27730e3bf31036b82742577d8bd66c2.jpg,test,8,mostly_sky_with_some_ground
harvest_20260524_163314_949919_jpg.rf.299299a1eadb54c3635e6ece12e2c4d1.jpg,test,8,mostly_sky_with_some_ground
harvest_20260524_163316_169643_jpg.rf.4d16246de00eef8a37afe2d8461e689b.jpg,test,8,mostly_sky_with_some_ground
harvest_20260524_165436_606082_jpg.rf.b62c5c24d5d88076eeaf05a8db495f47.jpg,test,8,mostly_sky_with_some_ground
harvest_20260524_165436_960136_jpg.rf.149e91053eb2e6cec920eef7d4fe6381.jpg,test,8,mostly_sky_with_some_ground
harvest_20260524_165437_485696_jpg.rf.2a3134ca26c3a51f2b941897692dbfa6.jpg,test,8,mostly_sky_with_some_ground
harvest_20260524_165437_757969_jpg.rf.bb5b2c39eeaeb80b685fb2c74edfdc5a.jpg,test,8,mostly_sky_with_some_ground
harvest_20260524_165437_883632_jpg.rf.1f84b9b3396c2469d8cae63734a26415.jpg,test,8,mostly_sky_with_some_ground
harvest_20260524_165438_022280_jpg.rf.5a74736467fbcc389595cc6f4196d490.jpg,test,8,mostly_sky_with_some_ground
harvest_20260524_165438_749350_jpg.rf.4a57e07c63ce9157c95b967bdf8bb0af.jpg,test,8,mostly_sky_with_some_ground
harvest_20260524_165438_911915_jpg.rf.3ce4322d0e153a060ee81f1379a29a7a.jpg,test,8,mostly_sky_with_some_ground
harvest_20260524_165440_718078_jpg.rf.73c31d6b832627fbb3e79fa260028cfb.jpg,test,8,mostly_sky_with_some_ground
harvest_20260524_165440_892586_jpg.rf.055f8a35526a9fca2bd0726385f7a809.jpg,test,8,mostly_sky_with_some_ground
harvest_20260524_165441_367313_jpg.rf.dcb7f60a997a786e45b08fc8d2ef67ad.jpg,test,8,mostly_sky_with_some_ground
harvest_20260524_165441_909867_jpg.rf.c35acded0f209c762d4cb700c4162a90.jpg,test,8,mostly_sky_with_some_ground
harvest_20260526_145757_747434_jpg.rf.ee785652c963ca0434d6a6a9d5a9d56f.jpg,test,8,mostly_sky_with_some_ground
harvest_20260526_145804_622225_jpg.rf.0709fe13831b7061a03d2f13340fdbac.jpg,test,8,mostly_sky_with_some_ground
harvest_20260526_145805_699339_jpg.rf.08832ed45b24932a22f8e3c4a8eb2450.jpg,test,8,mostly_sky_with_some_ground
harvest_20260526_145916_278008_jpg.rf.f442d229f9c4b0a7ce9c3a81a8d9f68e.jpg,test,8,mostly_sky_with_some_ground
harvest_20260526_145916_981262_jpg.rf.7118c414063aa37fc145cb61d7d4fc39.jpg,test,8,mostly_sky_with_some_ground
harvest_20260526_145917_151063_jpg.rf.d4e29f93310cd82817456326e0b66903.jpg,test,8,mostly_sky_with_some_ground
harvest_20260522_224258_875669_jpg.rf.739510b3391d8f35333c50f20fd2209c.jpg,test,9,wall_with_object
harvest_20260522_224259_282751_jpg.rf.521cadf9d652b269db6f3312b743a14b.jpg,test,9,wall_with_object
harvest_20260522_224300_918463_jpg.rf.9c5a5ac88995b43b0d45d9aa85b95839.jpg,test,9,wall_with_object
harvest_20260522_224301_096131_jpg.rf.909c81e5a8ec4ed59fe4c069f8085741.jpg,test,9,wall_with_object
harvest_20260522_224301_324383_jpg.rf.eb16ed341fb8cbedc5ef8e2986e09e11.jpg,test,9,wall_with_object
harvest_20260522_224301_456369_jpg.rf.dc71352dd23d566fbb84c551b42d60c2.jpg,test,9,wall_with_object
harvest_20260522_224301_622468_jpg.rf.b99c0bf1e282097c31615f2322c5a3c8.jpg,test,9,wall_with_object
harvest_20260522_224301_795600_jpg.rf.8f47d9e2902abb4bc7d8083d5242668a.jpg,test,9,wall_with_object
harvest_20260522_225232_312696_jpg.rf.9f96ccfcfc4145aa62ff4379db6b2f86.jpg,test,9,wall_with_object
harvest_20260523_200051_481554_jpg.rf.345bea7bc8403ce499c009b319ef73c5.jpg,test,9,wall_with_object
harvest_20260523_200052_615011_jpg.rf.74ff39d2c9f5f1bcb48061e83d1a0a62.jpg,test,9,wall_with_object
harvest_20260523_200053_047853_jpg.rf.baf29afdc502710447fdfcafbad95420.jpg,test,9,wall_with_object
harvest_20260523_200053_544571_jpg.rf.31d864301d4d72e4e19497801719099e.jpg,test,9,wall_with_object
harvest_20260523_200053_829047_jpg.rf.f647a4e7322d5c0f8d2973ce7af8ee01.jpg,test,9,wall_with_object
harvest_20260523_200055_061775_jpg.rf.d60a18a8e0ac1535c978b249d306e799.jpg,test,9,wall_with_object
harvest_20260526_145628_848343_jpg.rf.9e5e0a8fd63f7cafc0f18ab979a43dbd.jpg,test,9,wall_with_object
harvest_20260526_145628_913803_jpg.rf.17023d622e9300fa61933388890a10b9.jpg,test,9,wall_with_object
harvest_20260526_150902_932727_jpg.rf.2bad883a67874eec2b89acd794e42e2c.jpg,test,9,wall_with_object
harvest_20260526_150904_734875_jpg.rf.e6d6df7c2d17e529362a93881c0669bf.jpg,test,9,wall_with_object
harvest_20260526_150907_211040_jpg.rf.1ed2eb68966c514fd50b729d01d49eee.jpg,test,9,wall_with_object
harvest_20260526_150908_312784_jpg.rf.e9903bc57586c774f3cca8f3a3d9e190.jpg,test,9,wall_with_object
harvest_20260526_150909_082664_jpg.rf.96a3da1102914e5885dc83836a0a2ea7.jpg,test,9,wall_with_object
harvest_20260526_150910_273475_jpg.rf.eba7701ee0cc5cfee8b109fdcd253119.jpg,test,9,wall_with_object
harvest_20260526_150910_381187_jpg.rf.08993266841f6e7f3352d7046fe80b9c.jpg,test,9,wall_with_object
harvest_20260524_100451_543449_jpg.rf.184ef2bb3daab3612056140d873c0874.jpg,train,0,half_sky_half_ground
harvest_20260524_100452_154815_jpg.rf.82f1cb3a96167dfb66a2810e2b7229a0.jpg,train,0,half_sky_half_ground
harvest_20260524_100452_290446_jpg.rf.901f8ef60d0eed4a78a56691c5d1047b.jpg,train,0,half_sky_half_ground
harvest_20260524_100452_444009_jpg.rf.cef34afc6c23974758b48d1cb8b452b2.jpg,train,0,half_sky_half_ground
harvest_20260524_100452_601585_jpg.rf.c5eb7e20b808e34cd536b84e83c7eff6.jpg,train,0,half_sky_half_ground
harvest_20260524_100452_904775_jpg.rf.73fcdbd88d2c9e4306928f06b8a66cb0.jpg,train,0,half_sky_half_ground
harvest_20260524_100453_397458_jpg.rf.ca84b5683a1e4e856d02189ddfeb8cbf.jpg,train,0,half_sky_half_ground
harvest_20260524_101220_888174_jpg.rf.5edda38ca45a3524cfd61824f17354f4.jpg,train,0,half_sky_half_ground
harvest_20260524_101221_227234_jpg.rf.071f4b97322a0c4251dbbaf839c71f4a.jpg,train,0,half_sky_half_ground
harvest_20260524_101221_936362_jpg.rf.7c5888d8178c3ebbfe992a60566b7753.jpg,train,0,half_sky_half_ground
harvest_20260524_101222_734204_jpg.rf.d796efc92dce1113fa6b1cfabe7c78f6.jpg,train,0,half_sky_half_ground
harvest_20260524_101222_966584_jpg.rf.9e239c681a17be039ca0b6e4eda2055a.jpg,train,0,half_sky_half_ground
harvest_20260524_101223_240850_jpg.rf.d55826d1d3e0f43925c4537aa5e1dafb.jpg,train,0,half_sky_half_ground
harvest_20260524_101224_101547_jpg.rf.f284fd67625d14f3fb0aeaafe16eece7.jpg,train,0,half_sky_half_ground
harvest_20260524_101224_584289_jpg.rf.16a7d39e963b5efd9eea1efb9fb8f05d.jpg,train,0,half_sky_half_ground
harvest_20260524_101225_302336_jpg.rf.780c05c7888b180241d9df667c5004aa.jpg,train,0,half_sky_half_ground
harvest_20260524_101225_417029_jpg.rf.a98f46ca1664fba0bac7b406ce97354e.jpg,train,0,half_sky_half_ground
harvest_20260524_101227_454586_jpg.rf.a63567960081567d9f00d4e92c9b0499.jpg,train,0,half_sky_half_ground
harvest_20260524_101228_053977_jpg.rf.1d78244131864af0ccfae65ba200b4b1.jpg,train,0,half_sky_half_ground
harvest_20260524_101228_192607_jpg.rf.acb469e28e55ed7d73e770ee4c90cd7b.jpg,train,0,half_sky_half_ground
harvest_20260524_101228_813943_jpg.rf.779134b6d5a667116e8437b0ac58b6ea.jpg,train,0,half_sky_half_ground
harvest_20260524_101247_603725_jpg.rf.00a7807dd73fd599fc788ca8848dd50b.jpg,train,0,half_sky_half_ground
harvest_20260524_101248_014591_jpg.rf.ac549fb5f2e00ee15da1cdf265fc85b1.jpg,train,0,half_sky_half_ground
harvest_20260524_101248_163193_jpg.rf.ceef983d026e3518ed1f0fab297074b2.jpg,train,0,half_sky_half_ground
harvest_20260524_101248_641915_jpg.rf.9ecd3029f5cf5c88370be525189499c3.jpg,train,0,half_sky_half_ground
harvest_20260524_101249_231336_jpg.rf.06de7fd4224ee072a10c0455fbe387bd.jpg,train,0,half_sky_half_ground
harvest_20260524_101249_407866_jpg.rf.6834dac972fff104bb50c88951e2056e.jpg,train,0,half_sky_half_ground
harvest_20260524_101249_708065_jpg.rf.1b07e0a393e441697e3776921d19c4fc.jpg,train,0,half_sky_half_ground
harvest_20260524_101249_984322_jpg.rf.efdd879e2d8ba7985982803a01611321.jpg,train,0,half_sky_half_ground
harvest_20260524_101250_141901_jpg.rf.3a0729af8a8afa18f14e732300a77665.jpg,train,0,half_sky_half_ground
harvest_20260524_101250_278534_jpg.rf.7eb9e5ff152b7ec3206ac3f52ff39869.jpg,train,0,half_sky_half_ground
harvest_20260524_101250_582722_jpg.rf.17ba44c873b799749ceedc88ed7b7805.jpg,train,0,half_sky_half_ground
harvest_20260524_101251_032519_jpg.rf.d2ca47b71988d85218535ec7f1005795.jpg,train,0,half_sky_half_ground
harvest_20260524_101251_323739_jpg.rf.2500efb345ef61077193349a8487e70d.jpg,train,0,half_sky_half_ground
harvest_20260524_101251_460375_jpg.rf.ab93fe09fb02e19068bce51ad1a64e4b.jpg,train,0,half_sky_half_ground
harvest_20260524_101327_910887_jpg.rf.2475df8a7e484bab8fc8b10e4345679b.jpg,train,0,half_sky_half_ground
harvest_20260524_101328_047520_jpg.rf.39884963e13b2d3b62516cf111267fe0.jpg,train,0,half_sky_half_ground
harvest_20260524_101437_903688_jpg.rf.6f4e86e813804107c6040c3e543cb60c.jpg,train,0,half_sky_half_ground
harvest_20260524_101438_552951_jpg.rf.eaab85e12b29dc3c51e2a60caa7d2364.jpg,train,0,half_sky_half_ground
harvest_20260524_101438_675624_jpg.rf.8377c259bc131213c5cd94565b51931e.jpg,train,0,half_sky_half_ground
harvest_20260524_101438_847197_jpg.rf.2e24b8e2951f2d6f81af700b8b4e14a4.jpg,train,0,half_sky_half_ground
harvest_20260524_101439_219178_jpg.rf.809f493f6eea847a1d7ca5b875233dc9.jpg,train,0,half_sky_half_ground
harvest_20260524_101440_033990_jpg.rf.b9a38174f830abeb1dcd00b99f534d64.jpg,train,0,half_sky_half_ground
harvest_20260524_155935_318999_jpg.rf.c0a14942553c3464c0698fa93e48b72b.jpg,train,0,half_sky_half_ground
harvest_20260524_155935_511505_jpg.rf.8a23920fbfeb4476776a51cfa47de056.jpg,train,0,half_sky_half_ground
harvest_20260524_155935_864539_jpg.rf.45ff06f202451aa84af20a4a13540e48.jpg,train,0,half_sky_half_ground
harvest_20260526_145850_987354_jpg.rf.20f35d4344b0d66606eaa1da2db56631.jpg,train,0,half_sky_half_ground
harvest_20260527_012458_268964_jpg.rf.95be23c7968d6f89d72d9d1b8ccfb54e.jpg,train,0,half_sky_half_ground
DJI-Phantom_116-25-_jpg.rf.a5847dba5ede48bfa04b228cd020c857.jpg,train,1,pole_no_sky
harvest_20260523_222132_029031_jpg.rf.3b6e49a88bced23d8e1e0dea8d237af4.jpg,train,1,pole_no_sky
harvest_20260523_222132_190604_jpg.rf.c1c9808ad0b5d089c3ecb0bfd2ae1140.jpg,train,1,pole_no_sky
harvest_20260523_222132_663364_jpg.rf.957010c7e7e1d4e33d9dbc1da8c615ba.jpg,train,1,pole_no_sky
harvest_20260523_222133_975881_jpg.rf.20ec71d2115de98e67c97224c8e0d2da.jpg,train,1,pole_no_sky
harvest_20260526_171333_711614_jpg.rf.05830c1798e3d594a4140373b0ce49eb.jpg,train,1,pole_no_sky
harvest_20260526_171333_886170_jpg.rf.f0e799e1581783431e4acc2ab5305bbe.jpg,train,1,pole_no_sky
harvest_20260526_171334_463046_jpg.rf.25f934219db707f9140d275a3cb0aa8a.jpg,train,1,pole_no_sky
harvest_20260526_171335_085249_jpg.rf.880a40f816a02e7f33344862f08c60fa.jpg,train,1,pole_no_sky
harvest_20260526_171335_435313_jpg.rf.02cb71e68a8391eee8a13df4c9e6dc98.jpg,train,1,pole_no_sky
harvest_20260526_171335_602864_jpg.rf.324cec88b5828fb54a14d5550b7c5b83.jpg,train,1,pole_no_sky
harvest_20260526_171336_193285_jpg.rf.395cdbd7d0010c55e18ad2c1a2e9d2f5.jpg,train,1,pole_no_sky
harvest_20260526_171336_683788_jpg.rf.b41633d61e9ba79527a901fb8da99219.jpg,train,1,pole_no_sky
harvest_20260526_171336_872288_jpg.rf.d886111f1c7e705ff48c9aab651fd111.jpg,train,1,pole_no_sky
harvest_20260526_171337_031514_jpg.rf.91cd8bb8704b3fb78263e76b5b8d5c56.jpg,train,1,pole_no_sky
harvest_20260526_171337_506967_jpg.rf.8907bd477e4e9b7f179c7ae31d1723c9.jpg,train,1,pole_no_sky
harvest_20260526_171338_798429_jpg.rf.17ca0a77872ee302e977fc9e75e3499c.jpg,train,1,pole_no_sky
harvest_20260526_171350_844325_jpg.rf.8218545b65c2fa5b6bcfe27973ca99aa.jpg,train,1,pole_no_sky
harvest_20260526_171351_630221_jpg.rf.462d3c8f1af7cd06ee0c6596f3f3c2c3.jpg,train,1,pole_no_sky
harvest_20260526_171351_921443_jpg.rf.c92c64e0a73eef7f20b16d7d069098be.jpg,train,1,pole_no_sky
harvest_20260526_171352_556744_jpg.rf.197c8b98942f0bc3b6f6558f6bc358cb.jpg,train,1,pole_no_sky
harvest_20260526_171353_274821_jpg.rf.4183d5ec8ba08c73c0c7459d0f2f0b50.jpg,train,1,pole_no_sky
harvest_20260527_005243_181889_jpg.rf.4952773df139291806c145b921426729.jpg,train,1,pole_no_sky
harvest_20260527_005243_276168_jpg.rf.84f483b5fe6761cdb84e8782352a2d21.jpg,train,1,pole_no_sky
harvest_20260522_224334_704544_jpg.rf.d566e04cbe2c2f28e74732cdab04d248.jpg,train,2,sky_with_moon
harvest_20260522_224335_978973_jpg.rf.332056bed722cf9d499aff85e4c66808.jpg,train,2,sky_with_moon
harvest_20260522_224336_451583_jpg.rf.0fded2e6b81430d30e4f4453dcdde074.jpg,train,2,sky_with_moon
harvest_20260522_224339_007118_jpg.rf.2a55f79ef1e3a582994ed27c759cd6ff.jpg,train,2,sky_with_moon
harvest_20260522_224339_847226_jpg.rf.6069607cb95dfd592d0053a2c35cc657.jpg,train,2,sky_with_moon
harvest_20260522_224340_542839_jpg.rf.f5f1704d67ea81523c2e07af2c1a7486.jpg,train,2,sky_with_moon
harvest_20260522_224340_740269_jpg.rf.8a0dd8d70f8533abe425c550347351a6.jpg,train,2,sky_with_moon
harvest_20260522_224340_971440_jpg.rf.752166f7a4bad90151c9e5256e7453de.jpg,train,2,sky_with_moon
harvest_20260522_224341_419498_jpg.rf.7fcbd3beb743c6179df6151acc1cc857.jpg,train,2,sky_with_moon
harvest_20260522_224341_646763_jpg.rf.634f968bea86645320a5c6c94bbd6e0e.jpg,train,2,sky_with_moon
harvest_20260522_225244_311308_jpg.rf.918ac1e93ab239e17cea6feb03a89549.jpg,train,2,sky_with_moon
harvest_20260522_225245_295135_jpg.rf.103b4395ead59d98951fa41c8eff62db.jpg,train,2,sky_with_moon
harvest_20260522_225245_456262_jpg.rf.286c11f1841c3cb968fffbc7977bfddc.jpg,train,2,sky_with_moon
harvest_20260522_225248_557076_jpg.rf.618f8c5798a754493ea92ecfe2b42a6b.jpg,train,2,sky_with_moon
harvest_20260522_225250_229353_jpg.rf.d5f1440c7fee51d7290cfb1982c5f19e.jpg,train,2,sky_with_moon
harvest_20260523_204415_807340_jpg.rf.5990ee4ce87bb195b4ff7fd618ba93e5.jpg,train,2,sky_with_moon
harvest_20260523_204416_433362_jpg.rf.3f3177f3847219d8525abad9542322ae.jpg,train,2,sky_with_moon
harvest_20260523_204417_368395_jpg.rf.9050e2755a9c42b6dbced26274be674b.jpg,train,2,sky_with_moon
harvest_20260523_204417_692378_jpg.rf.653e4fc2caa619251f9528708c97974d.jpg,train,2,sky_with_moon
harvest_20260523_204417_823184_jpg.rf.c561d2ad9b7a82903dc154f0a821ed9d.jpg,train,2,sky_with_moon
harvest_20260523_204418_002218_jpg.rf.da8e4551c663b5b729d6bf2847f8eab2.jpg,train,2,sky_with_moon
harvest_20260523_204418_161501_jpg.rf.03dc0839bca03c005e10b46745901a16.jpg,train,2,sky_with_moon
harvest_20260523_204421_776199_jpg.rf.4d86d5763faf44a0a93884a6af536108.jpg,train,2,sky_with_moon
harvest_20260523_204422_249956_jpg.rf.097cb5800d2307a4555645ec2dd1b5af.jpg,train,2,sky_with_moon
harvest_20260523_204422_322763_jpg.rf.0541eb59fbafe9ed57b45ade918e916d.jpg,train,2,sky_with_moon
harvest_20260523_204422_386591_jpg.rf.74c4095e7f8feb5fe11579f68ff4ee35.jpg,train,2,sky_with_moon
harvest_20260523_204422_510168_jpg.rf.6d6ed16a76c1e26884efd774a0a57cac.jpg,train,2,sky_with_moon
harvest_20260523_204427_546140_jpg.rf.1d1a461113bf44ad2cfe414e158044b0.jpg,train,2,sky_with_moon
harvest_20260523_204427_843421_jpg.rf.d9e766de91885aa296e9bd47a6fabd9f.jpg,train,2,sky_with_moon
harvest_20260524_100800_640262_jpg.rf.d3455f0fa4d6fb03c9476191f4848d10.jpg,train,2,sky_with_moon
harvest_20260524_100800_913532_jpg.rf.124982915a41496a615cc00ee7ce8ade.jpg,train,2,sky_with_moon
harvest_20260524_100801_175834_jpg.rf.478c12c11fde51fcdb9543ea0e73d4de.jpg,train,2,sky_with_moon
harvest_20260524_100801_698435_jpg.rf.bd83e99d9bde9cce6d223c0bba38a151.jpg,train,2,sky_with_moon
harvest_20260524_100802_969034_jpg.rf.ee6200cfb6f2cd3637deab98c4d8cf83.jpg,train,2,sky_with_moon
harvest_20260524_100803_157541_jpg.rf.1ea1fac1eb154e87300f4fb56bb350b7.jpg,train,2,sky_with_moon
harvest_20260524_100803_726010_jpg.rf.55b1d5e5077b26a62e456b9b7afc211a.jpg,train,2,sky_with_moon
harvest_20260524_100803_895556_jpg.rf.a324d64880b7d4b6a58aa9048e12f759.jpg,train,2,sky_with_moon
harvest_20260524_100804_338372_jpg.rf.1637441bde762cc68c0312efc0d81246.jpg,train,2,sky_with_moon
harvest_20260524_100804_439105_jpg.rf.0ff1c95b668d23060d87921b9e78e568.jpg,train,2,sky_with_moon
harvest_20260524_160115_298236_jpg.rf.67c289e15159535b055de59a5198897c.jpg,train,2,sky_with_moon
harvest_20260524_160116_502016_jpg.rf.aebc5fc3ccc2246c9e34f0abb238ac99.jpg,train,2,sky_with_moon
harvest_20260524_160116_808198_jpg.rf.d645e871e489eead6c6a1a8ae771a5fe.jpg,train,2,sky_with_moon
harvest_20260524_160119_735904_jpg.rf.9b532f313879632ef0feb347efdaef77.jpg,train,2,sky_with_moon
harvest_20260526_145619_662051_jpg.rf.eb62005bea8e8d1b56ba46bb99aeda56.jpg,train,2,sky_with_moon
harvest_20260526_150735_547930_jpg.rf.8b2a02713bff2cb0d5aebdcc2a9b0af0.jpg,train,2,sky_with_moon
harvest_20260526_150736_107032_jpg.rf.2e52c1f1135ea7784bbd15430e08b9fd.jpg,train,2,sky_with_moon
harvest_20260526_150738_209939_jpg.rf.1fbc690d7b2de39ca3bac18acdfd36c4.jpg,train,2,sky_with_moon
harvest_20260526_150739_101615_jpg.rf.2b5db90f828b50ca663ea36fd09366bf.jpg,train,2,sky_with_moon
harvest_20260526_150740_070823_jpg.rf.cbe21413af84e2298b01bb3b67e79d24.jpg,train,2,sky_with_moon
harvest_20260526_150741_916892_jpg.rf.f566dbb783cf587287a512852b4d91df.jpg,train,2,sky_with_moon
harvest_20260526_150742_529621_jpg.rf.76ef93eb8738ec127dbce03b367528d0.jpg,train,2,sky_with_moon
harvest_20260526_150742_756015_jpg.rf.c8d8b88184d842b39f24b351f713a9fd.jpg,train,2,sky_with_moon
harvest_20260526_150743_110099_jpg.rf.1dc010b7edbb51bb6803a9e89f7612c4.jpg,train,2,sky_with_moon
harvest_20260526_150743_604542_jpg.rf.0a8e20e9ab61208cf01252adc6693b18.jpg,train,2,sky_with_moon
harvest_20260526_150744_161050_jpg.rf.8c1fbffb95e0fa4c0e89ab9732c5fad8.jpg,train,2,sky_with_moon
harvest_20260526_151440_124818_jpg.rf.007e2e0294bd4c3b30ff4bb5915da1a8.jpg,train,2,sky_with_moon
harvest_20260526_151441_623439_jpg.rf.654b41d8178009e94f112d66006e4d0c.jpg,train,2,sky_with_moon
harvest_20260526_151448_015376_jpg.rf.f4aa87569893c60299d46d8d682305e2.jpg,train,2,sky_with_moon
harvest_20260526_151448_119410_jpg.rf.910e0a784c7a5f6c9220ee75fb8cbe30.jpg,train,2,sky_with_moon
harvest_20260526_151449_174142_jpg.rf.d236193797565908e920342188478504.jpg,train,2,sky_with_moon
harvest_20260526_151623_212367_jpg.rf.8a1761a64ab6e4d2e165c0ac21b9cbd0.jpg,train,2,sky_with_moon
harvest_20260527_122235_155188_jpg.rf.82cf7db90ec834a3e2c8b73d3cee43b0.jpg,train,2,sky_with_moon
bg_Rec_0001_001215_jpg.rf.b368f5af43888f621e781d710aff9544.jpg,train,3,half_sky_half_ground
bg_Rec_0001_001245_jpg.rf.ed8744e90fbfaf2cddee113a9180ac08.jpg,train,3,half_sky_half_ground
bg_Rec_0001_001255_jpg.rf.6980642aead3e07398962a83a9e927eb.jpg,train,3,half_sky_half_ground
bg_Rec_0001_001265_jpg.rf.01b9d663f2656da197dff07de56d2849.jpg,train,3,half_sky_half_ground
bg_Rec_0001_001275_jpg.rf.d40252cd63d80cc787e45a9c0890b387.jpg,train,3,half_sky_half_ground
bg_Rec_0001_001290_jpg.rf.f9b2c25b0d56c0947ce7d6184c1ddaed.jpg,train,3,half_sky_half_ground
bg_Rec_0001_001310_jpg.rf.6afc0d5e197b8a1fd459ad3f0b1e2170.jpg,train,3,half_sky_half_ground
bg_Rec_0001_001315_jpg.rf.71e0b32dd42740800e8e058cacf51326.jpg,train,3,half_sky_half_ground
bg_Rec_0001_001320_jpg.rf.92d5395f3b383b0d7998da923920e75a.jpg,train,3,half_sky_half_ground
bg_Rec_0001_001330_jpg.rf.39fa6487e2f2d5d3e243950dfe7575f3.jpg,train,3,half_sky_half_ground
bg_Rec_0001_001360_jpg.rf.c4443c633f7e58f7981fa7e707df23a2.jpg,train,3,half_sky_half_ground
bg_Rec_0001_001365_jpg.rf.540909d2d0807a3fc554042f5c6ef4ac.jpg,train,3,half_sky_half_ground
bg_Rec_0001_001385_jpg.rf.1b8182d17812c3f57806c566571acf4c.jpg,train,3,half_sky_half_ground
bg_Rec_0001_001390_jpg.rf.abbd986e5fc97ec75aa484bc1b83de6a.jpg,train,3,half_sky_half_ground
bg_Rec_0001_001405_jpg.rf.ada3892eec5f01d1529c57c7c58fee4f.jpg,train,3,half_sky_half_ground
bg_Rec_0001_001435_jpg.rf.79bb3d0eb00d0d3f5f5f5175647dd73c.jpg,train,3,half_sky_half_ground
bg_Rec_0001_001445_jpg.rf.2b85d30a699c4b89d879118f3ed0871b.jpg,train,3,half_sky_half_ground
bg_Rec_0001_001460_jpg.rf.0389970540a58ec4a80fe151a1880858.jpg,train,3,half_sky_half_ground
bg_Rec_0001_001485_jpg.rf.81774bfb2b44f735b7cda6f8594f78b0.jpg,train,3,half_sky_half_ground
bg_Rec_0001_001500_jpg.rf.be4b998d16679c0b5b2c3839adc50bb7.jpg,train,3,half_sky_half_ground
bg_Rec_0001_001505_jpg.rf.edfeefa7e134f57da0eec0924f9485e6.jpg,train,3,half_sky_half_ground
bg_Rec_0001_001515_jpg.rf.28d0d590539970eca92a382b49b52e83.jpg,train,3,half_sky_half_ground
bg_Rec_0001_001525_jpg.rf.1089ab6182c655264fbe94dfd4403522.jpg,train,3,half_sky_half_ground
bg_Rec_0001_001530_jpg.rf.f7ebaf6fadd5806628c450fb13b43449.jpg,train,3,half_sky_half_ground
bg_Rec_0001_001545_jpg.rf.a5f8f7013f2f36cfa0622b9fde7df59d.jpg,train,3,half_sky_half_ground
bg_Rec_0001_001550_jpg.rf.47d5580a1f90b6bbf1d0035581e9e6fb.jpg,train,3,half_sky_half_ground
bg_Rec_0001_001555_jpg.rf.55cf4ced5183f6b14e86667f2cd4e788.jpg,train,3,half_sky_half_ground
bg_Rec_0001_001560_jpg.rf.ff308ffbebecea36aae66d12c0ca28bb.jpg,train,3,half_sky_half_ground
harvest_20260524_153435_435065_jpg.rf.57837fc683586b823712e840be4f23b6.jpg,train,4,sky_with_light_pole
harvest_20260524_153435_528815_jpg.rf.f5455d0510b33ea88bc90461db300932.jpg,train,4,sky_with_light_pole
harvest_20260524_153435_630544_jpg.rf.3660aac805d72e3e0ddcb3412256d270.jpg,train,4,sky_with_light_pole
harvest_20260524_153435_802084_jpg.rf.0ff6432c98f7a6f104552fdccefffadb.jpg,train,4,sky_with_light_pole
harvest_20260524_153436_135194_jpg.rf.5b3041707db0f89f658e025da01898d8.jpg,train,4,sky_with_light_pole
harvest_20260524_153436_641837_jpg.rf.b2187c3657339f4a72a64f1d66a91d4d.jpg,train,4,sky_with_light_pole
harvest_20260524_153437_152472_jpg.rf.f5fad011773f4324f346d9937da3fffd.jpg,train,4,sky_with_light_pole
harvest_20260524_153437_493560_jpg.rf.e44d629cb2c2e2ff1c10f24f9983bd15.jpg,train,4,sky_with_light_pole
harvest_20260524_153438_004193_jpg.rf.b6c52de48904c593e4789fa03735abcd.jpg,train,4,sky_with_light_pole
harvest_20260524_153438_296411_jpg.rf.50acfe82536c59e77e272322f6d494a8.jpg,train,4,sky_with_light_pole
harvest_20260524_153438_541757_jpg.rf.2f1f604d1c897fe76b436a77c9d4ebb0.jpg,train,4,sky_with_light_pole
harvest_20260524_153439_416416_jpg.rf.7551460b20e2d261b4af2aff6966f8ff.jpg,train,4,sky_with_light_pole
harvest_20260524_153440_143471_jpg.rf.f73762c2c685814f9b1e401f680e31cb.jpg,train,4,sky_with_light_pole
harvest_20260524_153440_815673_jpg.rf.b37c4b53d6e0eb46415f7acb0b74a3bf.jpg,train,4,sky_with_light_pole
harvest_20260524_153442_063338_jpg.rf.f8e14a963cb7455f48142db25321fcf0.jpg,train,4,sky_with_light_pole
harvest_20260526_171305_139007_jpg.rf.892acf402d351bf3ff2582cb80d4c115.jpg,train,5,cloudy_sky_with_moon
harvest_20260527_011146_459936_jpg.rf.10b905331c653acaa48c8b195697c406.jpg,train,5,cloudy_sky_with_moon
harvest_20260527_011146_857902_jpg.rf.694427b7d3f727cba142695999bc946c.jpg,train,5,cloudy_sky_with_moon
harvest_20260527_011147_095754_jpg.rf.11bb92f7baa4cdf7bd096efb1dd63c33.jpg,train,5,cloudy_sky_with_moon
harvest_20260527_011147_564648_jpg.rf.67a3c99dcc10cd6363ca3475eec0dddc.jpg,train,5,cloudy_sky_with_moon
harvest_20260527_011149_234163_jpg.rf.c18159ba62e51b26d75633af6c29e530.jpg,train,5,cloudy_sky_with_moon
harvest_20260527_011150_005257_jpg.rf.0f7e544c5f8d62d31e2d231e8536b015.jpg,train,5,cloudy_sky_with_moon
harvest_20260527_011151_297765_jpg.rf.8df4cdc5be45a5d1d81d0f244d0007a6.jpg,train,5,cloudy_sky_with_moon
harvest_20260527_011151_611439_jpg.rf.c403215328ef85fb5155d60073cf4a01.jpg,train,5,cloudy_sky_with_moon
harvest_20260527_011152_736132_jpg.rf.ef0a36b68b552691f7ef12cc4ce55f07.jpg,train,5,cloudy_sky_with_moon
harvest_20260527_011153_105670_jpg.rf.7e9ac144ecf11d62c1742ec92f3777eb.jpg,train,5,cloudy_sky_with_moon
harvest_20260527_011153_311637_jpg.rf.eddba372309281fce6a0e8e496a52e94.jpg,train,5,cloudy_sky_with_moon
harvest_20260527_011154_207364_jpg.rf.297350cfe12a36cdb9b7bdc67767c0f5.jpg,train,5,cloudy_sky_with_moon
harvest_20260527_011154_410728_jpg.rf.d651193ba78a610b461d30f7bab41202.jpg,train,5,cloudy_sky_with_moon
harvest_20260527_011155_178853_jpg.rf.4bc878995b40dbafd809570356b7326d.jpg,train,5,cloudy_sky_with_moon
harvest_20260527_011156_206113_jpg.rf.589ca24365fd85e0c0edf5e74e0f1265.jpg,train,5,cloudy_sky_with_moon
harvest_20260527_011157_475583_jpg.rf.2f98ab6d256bea4daf6aa3f5f6d0d960.jpg,train,5,cloudy_sky_with_moon
harvest_20260527_011158_128135_jpg.rf.de7d4bc36b3e367fba021587aae19dc4.jpg,train,5,cloudy_sky_with_moon
harvest_20260527_011158_344556_jpg.rf.1110962e9d838b994e0f54f5b278ee58.jpg,train,5,cloudy_sky_with_moon
harvest_20260527_011159_984426_jpg.rf.26d380c57d5755038c8c6ff8f08470fb.jpg,train,5,cloudy_sky_with_moon
harvest_20260527_011200_177910_jpg.rf.fe1d7388225a4b80588d8bf42b23fa5d.jpg,train,5,cloudy_sky_with_moon
harvest_20260527_011201_178330_jpg.rf.032f516367791d3e8c6d08396c75966c.jpg,train,5,cloudy_sky_with_moon
harvest_20260527_011201_756300_jpg.rf.86c7f5afbe9af0dcbb3a8853ea7bcacd.jpg,train,5,cloudy_sky_with_moon
harvest_20260527_011202_525264_jpg.rf.808f2e2aab9412340e9f35e61d3ba2b8.jpg,train,5,cloudy_sky_with_moon
harvest_20260527_012833_391717_jpg.rf.e6e97a0f44d47fb2bd405a424dc2ead7.jpg,train,5,cloudy_sky_with_moon
harvest_20260527_012833_748763_jpg.rf.0ad6abc49daf170751f8b5c0cf3ca972.jpg,train,5,cloudy_sky_with_moon
harvest_20260527_012834_398622_jpg.rf.170e671dae3f211eacda5c808ccc7a84.jpg,train,5,cloudy_sky_with_moon
harvest_20260527_012834_445494_jpg.rf.dcebd062b578d4f7d4db44bb590a07d1.jpg,train,5,cloudy_sky_with_moon
harvest_20260527_115120_469694_jpg.rf.8a94b5ec419170be7a03d103c691209a.jpg,train,5,cloudy_sky_with_moon
harvest_20260524_141248_779430_jpg.rf.70d71bc8d8f6baa96b05c6a4f88d1d07.jpg,train,6,car_ground_background
harvest_20260524_141249_074640_jpg.rf.eb03301e51093677b9f365f16f087ef9.jpg,train,6,car_ground_background
harvest_20260524_141249_294081_jpg.rf.447a14b376424b8feed24cf25b1301ab.jpg,train,6,car_ground_background
harvest_20260524_141330_510807_jpg.rf.e5bfbce92ccdf0ee07d57a84e95d854c.jpg,train,6,car_ground_background
harvest_20260524_160027_390751_jpg.rf.b66d58df20266ad576db4e9f7a36a848.jpg,train,6,car_ground_background
harvest_20260524_160027_720833_jpg.rf.a1c970679bf81141602b8ed810ef5eb9.jpg,train,6,car_ground_background
harvest_20260524_163020_960926_jpg.rf.9faa80fff0ef426f32f30cf39da9afe7.jpg,train,6,car_ground_background
harvest_20260524_163021_662682_jpg.rf.e823a56a7f90054dfa5fbe09d1ed9f25.jpg,train,6,car_ground_background
harvest_20260524_163021_959630_jpg.rf.36c3dd9bc1885c385a07bfa30716267a.jpg,train,6,car_ground_background
harvest_20260524_163022_141144_jpg.rf.b6ba9589800aba0c9a5788e888ae3a37.jpg,train,6,car_ground_background
harvest_20260524_163022_235893_jpg.rf.b7d47ef58787e563e90a9487e8babfcb.jpg,train,6,car_ground_background
harvest_20260524_163022_500721_jpg.rf.77cde4fcb7cb1569f3718c25923736fb.jpg,train,6,car_ground_background
harvest_20260524_163022_671237_jpg.rf.0fa64881786e95d7ea140029ef208ed4.jpg,train,6,car_ground_background
harvest_20260524_163023_057207_jpg.rf.77faa4beb9ab4cb795c88264b8a5e79f.jpg,train,6,car_ground_background
harvest_20260524_163023_378347_jpg.rf.f049c8ea1736524942621bf7ef4509fc.jpg,train,6,car_ground_background
harvest_20260524_163023_513981_jpg.rf.04cf7cc4771159137658464ef72cd700.jpg,train,6,car_ground_background
harvest_20260524_163023_721461_jpg.rf.29279a556021ff26aa926457843edf2c.jpg,train,6,car_ground_background
harvest_20260524_163024_201145_jpg.rf.6df5547c3d13716b719d5d4b49ee3c4a.jpg,train,6,car_ground_background
harvest_20260524_163024_375679_jpg.rf.fe2932cd9ab7e44b95c9ddcef23a3499.jpg,train,6,car_ground_background
harvest_20260524_163025_527598_jpg.rf.fae2d8696e46900f73c26fdb146263e7.jpg,train,6,car_ground_background
harvest_20260524_163025_956449_jpg.rf.d2ec96e62b52a407797161908cd93ff5.jpg,train,6,car_ground_background
harvest_20260524_163026_351395_jpg.rf.36695668a19dd95ddcd61efc1d9852c9.jpg,train,6,car_ground_background
harvest_20260524_163026_779249_jpg.rf.52e6dd4ead05d65889db672a58359c5e.jpg,train,6,car_ground_background
harvest_20260524_163027_158235_jpg.rf.22c54734c08cdbe4a6e6d443c7629658.jpg,train,6,car_ground_background
harvest_20260524_163027_982031_jpg.rf.3e9bba6e6b8040f0cfb114a158e9bdb3.jpg,train,6,car_ground_background
harvest_20260524_163028_594394_jpg.rf.f011fdeb08050fbe166329ee7bb87fb8.jpg,train,6,car_ground_background
harvest_20260524_163212_211106_jpg.rf.36b96941a7b2e72c8cc488cfe8f4ae43.jpg,train,6,car_ground_background
harvest_20260524_163213_326125_jpg.rf.e05e58b49087a9917858221833b1770e.jpg,train,6,car_ground_background
harvest_20260524_163214_415173_jpg.rf.07d44ca5c910409cbf9e05adf51057aa.jpg,train,6,car_ground_background
harvest_20260524_163214_582757_jpg.rf.0a6cc4ca173448cb4fd0c66d2417bb1f.jpg,train,6,car_ground_background
harvest_20260524_173522_396672_jpg.rf.b8d8fb80615bded12b8e2a01bc77e261.jpg,train,6,car_ground_background
bg_Rec_0002_002065_jpg.rf.409484fd70b3b75315977639cc876c72.jpg,train,7,half_sky_half_ground
bg_Rec_0002_002085_jpg.rf.c8cbf1542a2026dcededfe7ffb252f80.jpg,train,7,half_sky_half_ground
bg_Rec_0002_002095_jpg.rf.87f46b77c9d585ae722b4af99aec3a79.jpg,train,7,half_sky_half_ground
bg_Rec_0002_002100_jpg.rf.03d66f599edfd2628f1b89fd81083519.jpg,train,7,half_sky_half_ground
bg_Rec_0002_002115_jpg.rf.10be3e56b7ce0d6761d99f6d09407081.jpg,train,7,half_sky_half_ground
bg_Rec_0002_002140_jpg.rf.2eb0936c810416fa9f961e57839ba7ad.jpg,train,7,half_sky_half_ground
bg_Rec_0002_002150_jpg.rf.094215d76147d5f4ba1c4d6ba6807404.jpg,train,7,half_sky_half_ground
bg_Rec_0002_002180_jpg.rf.7926f9a32ec8dc126b35ffee42acd840.jpg,train,7,half_sky_half_ground
bg_Rec_0002_002195_jpg.rf.73bd9cb88eca40431d6d8d610aa11b1a.jpg,train,7,half_sky_half_ground
bg_Rec_0002_002200_jpg.rf.d1003f45ecea308bbcfba61dca5888a4.jpg,train,7,half_sky_half_ground
bg_Rec_0002_002210_jpg.rf.f2f012aed389f9c6a9a0026bff021aaf.jpg,train,7,half_sky_half_ground
bg_Rec_0002_002245_jpg.rf.5f21e1c2697cce7c003a769ae2aeb906.jpg,train,7,half_sky_half_ground
bg_Rec_0002_002260_jpg.rf.86518b16d20e9fa24a05e3199bdaebcc.jpg,train,7,half_sky_half_ground
bg_Rec_0002_002265_jpg.rf.51008681ae4571541d5d9f628314d6b6.jpg,train,7,half_sky_half_ground
bg_Rec_0002_002270_jpg.rf.2aa2664b8c74c6e2a446a137e0486d9a.jpg,train,7,half_sky_half_ground
bg_Rec_0002_002275_jpg.rf.0390bfc867c03f0a45420f59900b6339.jpg,train,7,half_sky_half_ground
bg_Rec_0002_002290_jpg.rf.0b8d1383e4256b1affa319c3b23455c0.jpg,train,7,half_sky_half_ground
harvest_20260524_101047_934782_jpg.rf.a95ed1dac1850d54eeb15a7c80929782.jpg,train,8,mostly_sky_with_some_ground
harvest_20260524_101048_314735_jpg.rf.d4e58e64c42e3be789b118d684168549.jpg,train,8,mostly_sky_with_some_ground
harvest_20260524_101048_474306_jpg.rf.ac0bdf34186f5392cd959992a9964011.jpg,train,8,mostly_sky_with_some_ground
harvest_20260524_101049_482615_jpg.rf.1c505c4f7296991c8563d2b60c6bc6cd.jpg,train,8,mostly_sky_with_some_ground
harvest_20260524_101050_155810_jpg.rf.480dd0bdf5555a315721a357921d891e.jpg,train,8,mostly_sky_with_some_ground
harvest_20260524_141455_110520_jpg.rf.b51da031acf31c406090261bee4c191b.jpg,train,8,mostly_sky_with_some_ground
harvest_20260524_141455_273085_jpg.rf.27ef8ef09dc40aeb9a3a10867483a566.jpg,train,8,mostly_sky_with_some_ground
harvest_20260524_141455_591262_jpg.rf.29cb79cadcd4961c437acfab23b6b653.jpg,train,8,mostly_sky_with_some_ground
harvest_20260524_160030_442587_jpg.rf.6e92453bef1c6bc6353aabb61dc45f5e.jpg,train,8,mostly_sky_with_some_ground
harvest_20260524_160030_758709_jpg.rf.d82456a6ac6a9d654d31ab8503e101d4.jpg,train,8,mostly_sky_with_some_ground
harvest_20260524_160030_916288_jpg.rf.a85fb580cb9fab2971e09d4a0234c1b5.jpg,train,8,mostly_sky_with_some_ground
harvest_20260524_162454_153140_jpg.rf.f3f22b01cde1b97e6cd258bb5dc06f4b.jpg,train,8,mostly_sky_with_some_ground
harvest_20260524_162454_678733_jpg.rf.2355e5fa5c11640bf1fe8e96bafbbc3d.jpg,train,8,mostly_sky_with_some_ground
harvest_20260524_162455_011843_jpg.rf.8c6d63aa15ad6e59017e099f9bca3269.jpg,train,8,mostly_sky_with_some_ground
harvest_20260524_162455_362904_jpg.rf.4e451173bc94e1520dd28657c1f73520.jpg,train,8,mostly_sky_with_some_ground
harvest_20260524_162455_506520_jpg.rf.17cfc4237949949b7511d0ecb08d7e1d.jpg,train,8,mostly_sky_with_some_ground
harvest_20260524_163314_780365_jpg.rf.9c4c6dea5c162ef918aa92a8c4a65b48.jpg,train,8,mostly_sky_with_some_ground
harvest_20260524_163315_102497_jpg.rf.80b89bf33d78559fb6b07138d692ed91.jpg,train,8,mostly_sky_with_some_ground
harvest_20260524_163315_238133_jpg.rf.4d5dfd7f3f2494b35c6b6fd7147ad386.jpg,train,8,mostly_sky_with_some_ground
harvest_20260524_163316_029988_jpg.rf.79663813d49f69fa36ecb93edbcd22d0.jpg,train,8,mostly_sky_with_some_ground
harvest_20260524_165436_718783_jpg.rf.cb9930d7d7fc4bdb915ad5bdffcfe02f.jpg,train,8,mostly_sky_with_some_ground
harvest_20260524_165436_856379_jpg.rf.a984610f3ad8cf2aef7c5e385003a778.jpg,train,8,mostly_sky_with_some_ground
harvest_20260524_165437_229385_jpg.rf.5d21ce8b30933b3fad346520dd56c25e.jpg,train,8,mostly_sky_with_some_ground
harvest_20260524_165437_623329_jpg.rf.c4c157063694556b10d9969483066f46.jpg,train,8,mostly_sky_with_some_ground
harvest_20260524_165438_149923_jpg.rf.547db8718d52fbee4f9ed20fd87aad55.jpg,train,8,mostly_sky_with_some_ground
harvest_20260524_165439_219082_jpg.rf.99f1427f24d7319f0e0f48c90c73f2ac.jpg,train,8,mostly_sky_with_some_ground
harvest_20260524_165439_405568_jpg.rf.4b7690651774b94760ddc192e6090f51.jpg,train,8,mostly_sky_with_some_ground
harvest_20260524_165439_714770_jpg.rf.ab6def9042c5545655fa5f1bae9d51e8.jpg,train,8,mostly_sky_with_some_ground
harvest_20260524_165439_900240_jpg.rf.c0a553b119d41abdacd3b8eeee5054ee.jpg,train,8,mostly_sky_with_some_ground
harvest_20260524_165440_057819_jpg.rf.30b3e5b16575a29f851f65027ba02157.jpg,train,8,mostly_sky_with_some_ground
harvest_20260524_165440_229357_jpg.rf.7fd05ea0a9273db5cab30313ac9c1505.jpg,train,8,mostly_sky_with_some_ground
harvest_20260524_165440_385974_jpg.rf.bd994f7efa97fe97b44e6deff2a9694d.jpg,train,8,mostly_sky_with_some_ground
harvest_20260524_165441_038196_jpg.rf.533e3c2574f4bf5b0c6d426585e7777b.jpg,train,8,mostly_sky_with_some_ground
harvest_20260524_165441_220707_jpg.rf.956f19bf5763116e79b211d600a3f75c.jpg,train,8,mostly_sky_with_some_ground
harvest_20260524_165441_529879_jpg.rf.d27857c4bbc180687b820d35e5167a50.jpg,train,8,mostly_sky_with_some_ground
harvest_20260524_165441_720421_jpg.rf.48c65f9c518a3cea6050f16a1cb07e12.jpg,train,8,mostly_sky_with_some_ground
harvest_20260524_165442_073429_jpg.rf.005ffaddf00161d68ce2ac2905ac4f88.jpg,train,8,mostly_sky_with_some_ground
harvest_20260526_145756_769738_jpg.rf.833643f56a154529b905ee58fe4dc2ca.jpg,train,8,mostly_sky_with_some_ground
harvest_20260526_145756_838335_jpg.rf.33fd9b390b96c73c7162e871559cb97d.jpg,train,8,mostly_sky_with_some_ground
harvest_20260526_145757_424299_jpg.rf.c1cc0dc8196cf3b3ba0481cfbb08685d.jpg,train,8,mostly_sky_with_some_ground
harvest_20260526_145804_367906_jpg.rf.526ea9986887970ebb56541e74695f95.jpg,train,8,mostly_sky_with_some_ground
harvest_20260526_145804_694032_jpg.rf.e36d90a7303722ca4c87635dfbacff53.jpg,train,8,mostly_sky_with_some_ground
harvest_20260526_145804_765841_jpg.rf.81ff2a37d4103265ec180cc5a1e40a0a.jpg,train,8,mostly_sky_with_some_ground
harvest_20260526_145804_834656_jpg.rf.aa0224ac76393d53067c0d7f19f072fd.jpg,train,8,mostly_sky_with_some_ground
harvest_20260526_145809_108832_jpg.rf.5e8e63a509fc88b2053ed41125a2d6a3.jpg,train,8,mostly_sky_with_some_ground
harvest_20260526_145812_524644_jpg.rf.c7f6fcb4bf7f781da2a1a94f99484d02.jpg,train,8,mostly_sky_with_some_ground
harvest_20260526_145916_187249_jpg.rf.d5624b11bac84c29b5938532caf701cb.jpg,train,8,mostly_sky_with_some_ground
harvest_20260526_145917_062602_jpg.rf.611c7fa50e3d508175445264ed5220d1.jpg,train,8,mostly_sky_with_some_ground
harvest_20260526_145918_033993_jpg.rf.5f011c4aa1db90e9e61d6188cb8203a7.jpg,train,8,mostly_sky_with_some_ground
harvest_20260526_145918_204349_jpg.rf.609626c17e551b20a4028d3e5f72cec4.jpg,train,8,mostly_sky_with_some_ground
harvest_20260526_151252_717144_jpg.rf.6427d6b0a9b7e99a0f9800311c363d5c.jpg,train,8,mostly_sky_with_some_ground
harvest_20260526_215318_649832_jpg.rf.ff6f5b613e9bc9b954410150e0fef8c3.jpg,train,8,mostly_sky_with_some_ground
harvest_20260522_224258_346107_jpg.rf.06e1e90a4d4ac41ab3581080c5b0001e.jpg,train,9,wall_with_object
harvest_20260522_224259_091767_jpg.rf.ba1eaac15facaccc704db31ec3033f76.jpg,train,9,wall_with_object
harvest_20260522_224301_998759_jpg.rf.7d28f55b2031a8585f58f7484e8e595d.jpg,train,9,wall_with_object
harvest_20260522_224302_189073_jpg.rf.e9c4080a6d5c529e8132e55c11d8ea30.jpg,train,9,wall_with_object
harvest_20260522_225230_381493_jpg.rf.dd2761a52810e7071de37c12b32f98a1.jpg,train,9,wall_with_object
harvest_20260522_225231_287540_jpg.rf.82baeeb2d42c000666ff3dc40a8b7b2a.jpg,train,9,wall_with_object
harvest_20260522_225231_910774_jpg.rf.f64d3e2bf7840ba3dd5e608e7075f638.jpg,train,9,wall_with_object
harvest_20260522_225232_835051_jpg.rf.77ecae74a25a22294ab71ef2ad7d7dbd.jpg,train,9,wall_with_object
harvest_20260522_225233_834639_jpg.rf.a5fffbbbc006f35a9097ccb92b091c2b.jpg,train,9,wall_with_object
harvest_20260523_200050_949715_jpg.rf.3f4aeef03cdfb0cdd30d5d1a6fd72a95.jpg,train,9,wall_with_object
harvest_20260523_200052_874475_jpg.rf.8b2c7d4235536705ef1ab27ed3ee86c8.jpg,train,9,wall_with_object
harvest_20260523_200053_153107_jpg.rf.a61a2c7115cc1ff4838ee97b099f8f3f.jpg,train,9,wall_with_object
harvest_20260523_200053_258851_jpg.rf.00fc887d7e0c80a93debb1fdbc72b2e3.jpg,train,9,wall_with_object
harvest_20260523_200054_299788_jpg.rf.465404b2a14b8db0837ed2d00e16e489.jpg,train,9,wall_with_object
harvest_20260523_200054_587030_jpg.rf.20f02f8308b1204bc4df9243b15460ab.jpg,train,9,wall_with_object
harvest_20260523_200055_188438_jpg.rf.a699e2d9ab26ee167a43e53ff7f253cf.jpg,train,9,wall_with_object
harvest_20260523_200055_310189_jpg.rf.8c353bc601d907830f93d305242aacc5.jpg,train,9,wall_with_object
harvest_20260523_200055_883739_jpg.rf.5f36611a1844ea8069a6feeb88e0ae03.jpg,train,9,wall_with_object
harvest_20260523_200056_072204_jpg.rf.57648f2cc496ee6aa77b6534c522ac84.jpg,train,9,wall_with_object
harvest_20260523_200056_196891_jpg.rf.daf8ab879ddb4e3f7cf1420d62eb01a0.jpg,train,9,wall_with_object
harvest_20260523_200056_480136_jpg.rf.14ada045f45e491eae07cfacdc215cfb.jpg,train,9,wall_with_object
harvest_20260526_145629_123447_jpg.rf.2d37d3aa7367280d12e457def71a17cd.jpg,train,9,wall_with_object
harvest_20260526_150903_259825_jpg.rf.158e9e10433eef3541806335adada4e8.jpg,train,9,wall_with_object
harvest_20260526_150903_530102_jpg.rf.963e2890769d3f1634d23f771d2f80a6.jpg,train,9,wall_with_object
harvest_20260526_150904_517457_jpg.rf.bbec9de6b80e974789b149cc297529b9.jpg,train,9,wall_with_object
harvest_20260526_150904_628194_jpg.rf.a7207766d594c4b6ff0d65fcdf91338c.jpg,train,9,wall_with_object
harvest_20260526_150905_198632_jpg.rf.24010ba8bdea48423aa6d937b6268cd0.jpg,train,9,wall_with_object
harvest_20260526_150905_419041_jpg.rf.f43de8e87d310e77ec46e25d30f6e3b2.jpg,train,9,wall_with_object
harvest_20260526_150905_632009_jpg.rf.f0e37a57c11eaa2b4d071d0b0e1b14a8.jpg,train,9,wall_with_object
harvest_20260526_150905_842472_jpg.rf.4842653947f8cdcd7e91c046ca1f668b.jpg,train,9,wall_with_object
harvest_20260526_150908_159308_jpg.rf.4bd4b8a36911d437cceac2d4057d317f.jpg,train,9,wall_with_object
harvest_20260526_150910_162771_jpg.rf.b4d58ae775d710ce5721493eab177fbd.jpg,train,9,wall_with_object
harvest_20260524_100451_699996_jpg.rf.5955df5de072c6a0b07d95ee738dfff6.jpg,valid,0,half_sky_half_ground
harvest_20260524_100451_826657_jpg.rf.160a30f7bffd7e12305f7d6ef347b758.jpg,valid,0,half_sky_half_ground
harvest_20260524_101221_395808_jpg.rf.f1255ff2ee5875988d2006e768d100b8.jpg,valid,0,half_sky_half_ground
harvest_20260524_101222_081954_jpg.rf.0c8d3be27c7ad9e32a81b2d36c08677e.jpg,valid,0,half_sky_half_ground
harvest_20260524_101222_265459_jpg.rf.a0c627c182f5e17adc9e617f47635823.jpg,valid,0,half_sky_half_ground
harvest_20260524_101223_425357_jpg.rf.5c753707a707d371d2f1f2116625749d.jpg,valid,0,half_sky_half_ground
harvest_20260524_101223_586925_jpg.rf.f48874324dcef9df1156e5107083937b.jpg,valid,0,half_sky_half_ground
harvest_20260524_101223_774423_jpg.rf.914bd643b4d891f2888b8b9ed10bc688.jpg,valid,0,half_sky_half_ground
harvest_20260524_101223_951954_jpg.rf.58658fe461109b036eef0fc352f9626b.jpg,valid,0,half_sky_half_ground
harvest_20260524_101224_729866_jpg.rf.36f56f184eeaad6165f41fb3c9ce321e.jpg,valid,0,half_sky_half_ground
harvest_20260524_101225_732185_jpg.rf.9e85b04461adcf0e386f2e5ce3851546.jpg,valid,0,half_sky_half_ground
harvest_20260524_101226_278725_jpg.rf.cbd5853899d4413aa29fed53773f5732.jpg,valid,0,half_sky_half_ground
harvest_20260524_101228_349186_jpg.rf.5ea730956891ac0285a8d997110d4e34.jpg,valid,0,half_sky_half_ground
harvest_20260524_101228_523720_jpg.rf.bbbbf8b7f29c17e8d4d24c25528f81c8.jpg,valid,0,half_sky_half_ground
harvest_20260524_101228_985485_jpg.rf.29bfc9560ff152f5f0e95031e9ec0a3b.jpg,valid,0,half_sky_half_ground
harvest_20260524_101229_146055_jpg.rf.bd5fd3836b4bf74b6baea6649f483f41.jpg,valid,0,half_sky_half_ground
harvest_20260524_101247_270612_jpg.rf.518cb6fbf774f706c1a15eaee879f76e.jpg,valid,0,half_sky_half_ground
harvest_20260524_101247_434170_jpg.rf.6ca9d4d67233a94fc613f7b5e79c7cd7.jpg,valid,0,half_sky_half_ground
harvest_20260524_101247_897903_jpg.rf.375adf771e2dd45c4b7484f1d458f158.jpg,valid,0,half_sky_half_ground
harvest_20260524_101248_480378_jpg.rf.0498283f96f52d26db47791cd14adc07.jpg,valid,0,half_sky_half_ground
harvest_20260524_101248_777549_jpg.rf.f44e4ac1966ffe6c97a8d74ca4476637.jpg,valid,0,half_sky_half_ground
harvest_20260524_101248_944106_jpg.rf.9f8201735531a6c1926c43bf231f53a9.jpg,valid,0,half_sky_half_ground
harvest_20260524_101249_095701_jpg.rf.e69240852fc7f88ab88166bd824dd93f.jpg,valid,0,half_sky_half_ground
harvest_20260524_101249_544499_jpg.rf.73e8cc8be612dafbb6242ed81b11dd45.jpg,valid,0,half_sky_half_ground
harvest_20260524_101250_451107_jpg.rf.901af025b72b164c2167751650123227.jpg,valid,0,half_sky_half_ground
harvest_20260524_101250_885913_jpg.rf.305ce6cf7bf037f1d2d5d1abdac1b853.jpg,valid,0,half_sky_half_ground
harvest_20260524_101327_572811_jpg.rf.b39c7fd0eb22334b58c64c16aea64a68.jpg,valid,0,half_sky_half_ground
harvest_20260524_101327_741340_jpg.rf.89978be92902b26f422144f691d9cf9a.jpg,valid,0,half_sky_half_ground
harvest_20260524_101328_213078_jpg.rf.8c47aede46c42f45e423a92aef101018.jpg,valid,0,half_sky_half_ground
harvest_20260524_101328_515271_jpg.rf.81c310aea7bf42d566d481fc73210598.jpg,valid,0,half_sky_half_ground
harvest_20260524_101437_469846_jpg.rf.5e8c21673256c2b72dc1fc8786f0beae.jpg,valid,0,half_sky_half_ground
harvest_20260524_155934_249888_jpg.rf.e658c6c9c6fdcb9c25792fc2e9520878.jpg,valid,0,half_sky_half_ground
harvest_20260524_155934_442342_jpg.rf.0ad782136ffef3073740222766eb6ada.jpg,valid,0,half_sky_half_ground
harvest_20260524_155935_140505_jpg.rf.fad4e1f08f242dc7210d86eb0a1a2073.jpg,valid,0,half_sky_half_ground
harvest_20260524_155935_691003_jpg.rf.2884ac9de70dd05b3b86233452b19b11.jpg,valid,0,half_sky_half_ground
harvest_20260524_155936_057024_jpg.rf.cb5e2d8eed68a84ea152d994108f1031.jpg,valid,0,half_sky_half_ground
harvest_20260524_155936_230560_jpg.rf.2aced62bcddbe8721cbd04336f210c3f.jpg,valid,0,half_sky_half_ground
harvest_20260526_145851_055172_jpg.rf.db316e8254fc6e619910858bf761a84c.jpg,valid,0,half_sky_half_ground
harvest_20260526_151557_248892_jpg.rf.ace51d9ea7e59b20a165b3f079fd28ac.jpg,valid,0,half_sky_half_ground
harvest_20260527_012455_137366_jpg.rf.37f8dcda760c01d5b99a0e9efe2b8fe5.jpg,valid,0,half_sky_half_ground
harvest_20260527_012455_841075_jpg.rf.8ab4c1130f26b5f51708f7331e1dd71b.jpg,valid,0,half_sky_half_ground
harvest_20260527_012456_011795_jpg.rf.c68c60de9eb78d3754f3cd8a582674f7.jpg,valid,0,half_sky_half_ground
harvest_20260527_012459_614962_jpg.rf.4855ad3945d4d5afda236119c42498d3.jpg,valid,0,half_sky_half_ground
harvest_20260527_012459_829379_jpg.rf.29a847ea86870e393df4c89e308fbcdf.jpg,valid,0,half_sky_half_ground
DJI-Phantom_115-11-_jpg.rf.d8a9bf8ca7f068a9bee08f3c21389d8a.jpg,valid,1,pole_no_sky
harvest_20260523_222132_359152_jpg.rf.72bbbfc0946e98c17f6236e366d060f3.jpg,valid,1,pole_no_sky
harvest_20260523_222132_520721_jpg.rf.2817fc2abee1eedba6a3e91536ea9b02.jpg,valid,1,pole_no_sky
harvest_20260523_222133_125108_jpg.rf.72429f034885e7d3c297b17fde94e69b.jpg,valid,1,pole_no_sky
harvest_20260523_222133_271718_jpg.rf.f4cad1d1505e3bee511deb6ec2b2c87f.jpg,valid,1,pole_no_sky
harvest_20260523_222133_449243_jpg.rf.5c670d59a7f4ebeb3e3e4f4f91c01f0d.jpg,valid,1,pole_no_sky
harvest_20260526_171330_341655_jpg.rf.8e78600424e579cbe726283e3bc2bc3e.jpg,valid,1,pole_no_sky
harvest_20260526_171330_646811_jpg.rf.94d722b9efa788b52df9e09410576c01.jpg,valid,1,pole_no_sky
harvest_20260526_171331_180384_jpg.rf.74d9056ea126a0254218f2bb5bf6a5a4.jpg,valid,1,pole_no_sky
harvest_20260526_171331_905445_jpg.rf.5b35f845ffb1859c99732d1de4ceec00.jpg,valid,1,pole_no_sky
harvest_20260526_171332_329312_jpg.rf.a14a0b05b64951164f9e03d78cdc4715.jpg,valid,1,pole_no_sky
harvest_20260526_171333_294729_jpg.rf.f4edf63e431273cea08869ac8ac24fcf.jpg,valid,1,pole_no_sky
harvest_20260526_171336_353855_jpg.rf.9e515fd03f1e25affff18391c084fccb.jpg,valid,1,pole_no_sky
harvest_20260526_171336_511466_jpg.rf.635232c3669c0c621ae6cdad6aa06b68.jpg,valid,1,pole_no_sky
harvest_20260526_171337_942693_jpg.rf.01e3864070d57c03557fe3d9c8f86cb2.jpg,valid,1,pole_no_sky
harvest_20260526_171338_261835_jpg.rf.8dd38cab4df646cbc4dced78c4888a16.jpg,valid,1,pole_no_sky
harvest_20260526_171348_708882_jpg.rf.b57640924f11de17996e641faeff0b20.jpg,valid,1,pole_no_sky
harvest_20260526_171351_168457_jpg.rf.f2f5d9e76a38f6332570e24a49e8bc9c.jpg,valid,1,pole_no_sky
harvest_20260526_171353_126220_jpg.rf.dcbde1032d4e905596ad9ac9091cbb21.jpg,valid,1,pole_no_sky
harvest_20260527_005243_444247_jpg.rf.0cbd6cac336cec73824f47d40f1bca43.jpg,valid,1,pole_no_sky
image_drone_thermal_005451_jpg.rf.8d406c4a7756fcaccbfc64edc35fe212.jpg,valid,1,pole_no_sky
harvest_20260522_224338_593611_jpg.rf.c3c05933839a77c9a4a8b49de7df74b6.jpg,valid,2,sky_with_moon
harvest_20260522_224341_833466_jpg.rf.54af1ceb5e1e849832dc439505310483.jpg,valid,2,sky_with_moon
harvest_20260522_225244_925187_jpg.rf.185fb56cd71a15278555fc86100018cc.jpg,valid,2,sky_with_moon
harvest_20260522_225245_097817_jpg.rf.7100536a528c187cb2d92dcef51e6829.jpg,valid,2,sky_with_moon
harvest_20260522_225245_619794_jpg.rf.b90e4b973379ae86e28308829cee61e5.jpg,valid,2,sky_with_moon
harvest_20260522_225245_798370_jpg.rf.9c85848e4ad1b3e5666b445102a16835.jpg,valid,2,sky_with_moon
harvest_20260522_225246_520220_jpg.rf.9b094e424f3252c89160c9a3f7ffce7f.jpg,valid,2,sky_with_moon
harvest_20260522_225246_716148_jpg.rf.b35665e6eced54d95411a3b040eed90e.jpg,valid,2,sky_with_moon
harvest_20260522_225249_318234_jpg.rf.15a1c23e85ec55dfe577260c4da52836.jpg,valid,2,sky_with_moon
harvest_20260522_225249_490263_jpg.rf.c781ec22ab21183f626a19dd75a293e3.jpg,valid,2,sky_with_moon
harvest_20260522_225250_689184_jpg.rf.beefbd791077714e32a59cb57bf26a7f.jpg,valid,2,sky_with_moon
harvest_20260523_204415_943980_jpg.rf.f42d00f6d442d69c2cee6bccc2f0cbce.jpg,valid,2,sky_with_moon
harvest_20260523_204416_237129_jpg.rf.39022601381c596e9cdaf724781fdb59.jpg,valid,2,sky_with_moon
harvest_20260523_204416_557928_jpg.rf.f60e9e7a629615a6be3a1c145e23592f.jpg,valid,2,sky_with_moon
harvest_20260523_204416_893610_jpg.rf.32943f85bf4984e74127b4bf3932569a.jpg,valid,2,sky_with_moon
harvest_20260523_204417_045203_jpg.rf.aeab2d9e10672935449aabff91089fac.jpg,valid,2,sky_with_moon
harvest_20260523_204417_236348_jpg.rf.5b51cc6a91738f5df729c7fca67cf131.jpg,valid,2,sky_with_moon
harvest_20260523_204418_496694_jpg.rf.c190603c60baf087c06d7d7af3a29640.jpg,valid,2,sky_with_moon
harvest_20260523_204418_820348_jpg.rf.91509c927a2ba0713f8f408f2a5a4b78.jpg,valid,2,sky_with_moon
harvest_20260523_204419_173932_jpg.rf.82b33b3e6ab23637247b2d590a67ad04.jpg,valid,2,sky_with_moon
harvest_20260523_204419_516024_jpg.rf.bd8c0ac71f2feca3e2252da3f7b88cc0.jpg,valid,2,sky_with_moon
harvest_20260523_204419_852682_jpg.rf.4c25ac841607ae7bf64b0da6643a364b.jpg,valid,2,sky_with_moon
harvest_20260523_204420_186733_jpg.rf.b48163de946e49d0ee24f8e502bc87a9.jpg,valid,2,sky_with_moon
harvest_20260523_204420_846022_jpg.rf.d2440b722a4d7f8f1d3bd171fc356f42.jpg,valid,2,sky_with_moon
harvest_20260523_204421_907848_jpg.rf.9920e6d98cdce8e9fb8a994df291e439.jpg,valid,2,sky_with_moon
harvest_20260523_204421_962700_jpg.rf.67645dab51fb7b09481cf1e7a157be69.jpg,valid,2,sky_with_moon
harvest_20260523_204422_572002_jpg.rf.07b37cfd8be66635749b5783bc480e7f.jpg,valid,2,sky_with_moon
harvest_20260523_204425_720272_jpg.rf.530363044d63a0ebc635d62aee38d83b.jpg,valid,2,sky_with_moon
harvest_20260523_204426_048966_jpg.rf.5fe8acff605ae09b41986b3448071a0e.jpg,valid,2,sky_with_moon
harvest_20260523_204426_399556_jpg.rf.ae8a1caadf0237912c7e54058d48b226.jpg,valid,2,sky_with_moon
harvest_20260523_204426_725289_jpg.rf.5ef7f7bab93bbcc25f7de71b415a6965.jpg,valid,2,sky_with_moon
harvest_20260523_204427_075871_jpg.rf.86579ff087f2c67247a08a1932270479.jpg,valid,2,sky_with_moon
harvest_20260523_204427_907811_jpg.rf.13a71f571db58a2a9ac1415f6a2cc2b1.jpg,valid,2,sky_with_moon
harvest_20260524_100801_031216_jpg.rf.9924a6189aa528e455c5ae831411052c.jpg,valid,2,sky_with_moon
harvest_20260524_100801_313491_jpg.rf.6c63f33ace2164ac9a93f3292541cd47.jpg,valid,2,sky_with_moon
harvest_20260524_100801_585734_jpg.rf.c1479de07409090780e17b6aa8dfeddd.jpg,valid,2,sky_with_moon
harvest_20260524_100803_424828_jpg.rf.7a7041072191bc502f22f56b68d6dded.jpg,valid,2,sky_with_moon
harvest_20260524_100803_565442_jpg.rf.23205b39ec14110ad50992aee8de2302.jpg,valid,2,sky_with_moon
harvest_20260524_100809_040795_jpg.rf.0e97e2e52b3f658d853c97e8a8b34f29.jpg,valid,2,sky_with_moon
harvest_20260524_160115_431881_jpg.rf.6c79f1928c6373350151eddb23c04d9b.jpg,valid,2,sky_with_moon
harvest_20260524_160115_593447_jpg.rf.f3fc7c4637ef9bee6cbb94e0e0bb282e.jpg,valid,2,sky_with_moon
harvest_20260524_160116_169938_jpg.rf.87788bc604d5b7f3919f1e7e6f17b23b.jpg,valid,2,sky_with_moon
harvest_20260524_160116_650619_jpg.rf.732cff6b952b088a35407baf8b67fcc9.jpg,valid,2,sky_with_moon
harvest_20260524_160116_976747_jpg.rf.14dc0471bca828ea4b27a531a92cb339.jpg,valid,2,sky_with_moon
harvest_20260524_160117_449990_jpg.rf.ca064930f372732ad9993967db7692bb.jpg,valid,2,sky_with_moon
harvest_20260524_160117_604578_jpg.rf.f6fbd202e9f2f4c8957098e7c6704e14.jpg,valid,2,sky_with_moon
harvest_20260524_160118_450315_jpg.rf.926c0780c4f1709f2199b7a9f567010a.jpg,valid,2,sky_with_moon
harvest_20260524_160118_784435_jpg.rf.57f31a01dd674b54db37ecc7657a3589.jpg,valid,2,sky_with_moon
harvest_20260524_160119_536437_jpg.rf.3901e2c09a23ea5d74e82457f7981566.jpg,valid,2,sky_with_moon
harvest_20260524_160119_888502_jpg.rf.82fad953d4bd7bfe2f328a7751d0264a.jpg,valid,2,sky_with_moon
harvest_20260524_160120_072004_jpg.rf.11a6824ef4cdede81c880fc9be0c3adf.jpg,valid,2,sky_with_moon
harvest_20260524_213809_874636_jpg.rf.4467840bf26fd23430637e38fbbd691a.jpg,valid,2,sky_with_moon
harvest_20260526_145619_727875_jpg.rf.56eedd484db15f198ad46bf728e2838f.jpg,valid,2,sky_with_moon
harvest_20260526_145813_134017_jpg.rf.7d4429a75977a7a16361e2eb18d84f74.jpg,valid,2,sky_with_moon
harvest_20260526_150735_326047_jpg.rf.45dafd122bbd9c0dbe9123ec0ae49487.jpg,valid,2,sky_with_moon
harvest_20260526_150736_891928_jpg.rf.ddabc9cc2d54f7935fca5853dd377358.jpg,valid,2,sky_with_moon
harvest_20260526_150737_902536_jpg.rf.8bdb9b4ba6bb6f4fc7757478c41f543f.jpg,valid,2,sky_with_moon
harvest_20260526_150738_047969_jpg.rf.4b85cc64670d3e23e059cd3461655c16.jpg,valid,2,sky_with_moon
harvest_20260526_150739_580140_jpg.rf.232d4a7b96cef49fd451301366fd79b9.jpg,valid,2,sky_with_moon
harvest_20260526_150740_802863_jpg.rf.500de0385eb4fdfa7f6626b3e1e89f9c.jpg,valid,2,sky_with_moon
harvest_20260526_150741_064163_jpg.rf.b5d8a067bfe6a81005a5b41a6e6c5acf.jpg,valid,2,sky_with_moon
harvest_20260526_150741_192819_jpg.rf.224e704f6ee2150512601291d6cbd904.jpg,valid,2,sky_with_moon
harvest_20260526_150741_457113_jpg.rf.c9f434780a67d77115c6736102630c04.jpg,valid,2,sky_with_moon
harvest_20260526_150741_797202_jpg.rf.c5e0a0e7271002125e54013fd6911830.jpg,valid,2,sky_with_moon
harvest_20260526_150742_404586_jpg.rf.877669ebb5f3933aff1e473ed057ce31.jpg,valid,2,sky_with_moon
harvest_20260526_150743_726215_jpg.rf.f5042dbe4268a58a4f0cc2eb258965e5.jpg,valid,2,sky_with_moon
harvest_20260526_151441_736169_jpg.rf.5f32ce88c6c2f103494ca6bffe1a0c78.jpg,valid,2,sky_with_moon
harvest_20260526_151447_785993_jpg.rf.635d4146317c09f2c5e6ac96045b2810.jpg,valid,2,sky_with_moon
harvest_20260526_151449_288872_jpg.rf.fb32c10c3a43b1811d689df563bcbae5.jpg,valid,2,sky_with_moon
harvest_20260526_151449_407031_jpg.rf.662b26852aa202b52b6c9f32f60045ce.jpg,valid,2,sky_with_moon
harvest_20260527_013355_103837_jpg.rf.1901a388956e0311e1bdb17cb2b15ce5.jpg,valid,2,sky_with_moon
harvest_20260527_122234_814797_jpg.rf.e79bdcd3659eaff801d251e9b3919a3b.jpg,valid,2,sky_with_moon
harvest_20260527_122235_293647_jpg.rf.62f14c06beffc9891946bfa14204d1ca.jpg,valid,2,sky_with_moon
harvest_20260527_122235_402112_jpg.rf.eb42c501bb32729c090628579ad30bb7.jpg,valid,2,sky_with_moon
bg_Rec_0001_001205_jpg.rf.882327cdbd657beef80a2d76bab39ebe.jpg,valid,3,half_sky_half_ground
bg_Rec_0001_001210_jpg.rf.d91c8fe1a04fee9439567462c6349f18.jpg,valid,3,half_sky_half_ground
bg_Rec_0001_001225_jpg.rf.996a3cc5f6899f3ecc3e003e745235b6.jpg,valid,3,half_sky_half_ground
bg_Rec_0001_001230_jpg.rf.6b54b9e6bdc7bdd45859158d7e85f83d.jpg,valid,3,half_sky_half_ground
bg_Rec_0001_001235_jpg.rf.eb54b2c5d97bc333793b55385dd0f38e.jpg,valid,3,half_sky_half_ground
bg_Rec_0001_001240_jpg.rf.5e482e342b3e6cc3427f32f00afb23e7.jpg,valid,3,half_sky_half_ground
bg_Rec_0001_001250_jpg.rf.d4a0f96d39a16137b2d15ed50736e1b9.jpg,valid,3,half_sky_half_ground
bg_Rec_0001_001260_jpg.rf.84d5a64da730b5dcd7ee27ad694fe719.jpg,valid,3,half_sky_half_ground
bg_Rec_0001_001285_jpg.rf.b830b88cdd0a3afcb21d8acdb06057a8.jpg,valid,3,half_sky_half_ground
bg_Rec_0001_001305_jpg.rf.f36eca691cd98f93ce04aee96d638dc9.jpg,valid,3,half_sky_half_ground
bg_Rec_0001_001335_jpg.rf.b6b7bd7ed63bb09a5085df42f512ee67.jpg,valid,3,half_sky_half_ground
bg_Rec_0001_001345_jpg.rf.e824611c18e147bfb79fda8c7e086028.jpg,valid,3,half_sky_half_ground
bg_Rec_0001_001410_jpg.rf.049150fa0b3b94e93e9b95a08b0ab773.jpg,valid,3,half_sky_half_ground
bg_Rec_0001_001415_jpg.rf.6d39a6d4843600076fbd7c4676e2bf97.jpg,valid,3,half_sky_half_ground
bg_Rec_0001_001425_jpg.rf.2a7e87339e246e2d32038dd7227c1acd.jpg,valid,3,half_sky_half_ground
bg_Rec_0001_001430_jpg.rf.14eb7b8339da6d45d906993da9acf618.jpg,valid,3,half_sky_half_ground
bg_Rec_0001_001470_jpg.rf.3b2d064f501572edaf768002cbb44def.jpg,valid,3,half_sky_half_ground
bg_Rec_0001_001480_jpg.rf.fe9d3bb41522efd8666580f90e2dd6aa.jpg,valid,3,half_sky_half_ground
bg_Rec_0001_001490_jpg.rf.04cb4d2a5d8742406bcf2c9bfde00f06.jpg,valid,3,half_sky_half_ground
bg_Rec_0001_001540_jpg.rf.078f391c35126c7c7983c7ce2b1d71c3.jpg,valid,3,half_sky_half_ground
bg_Rec_0001_001575_jpg.rf.a46c4cb9e7cf9937172b06347c8ec70c.jpg,valid,3,half_sky_half_ground
harvest_20260524_153434_685070_jpg.rf.78da6c37e1bafa6d87d62a5483b6cc05.jpg,valid,4,sky_with_light_pole
harvest_20260524_153435_172766_jpg.rf.605715d6a060630d0fc7eb5529fb17ab.jpg,valid,4,sky_with_light_pole
harvest_20260524_153435_976616_jpg.rf.e8eed757738ea6339f901e9723fd416e.jpg,valid,4,sky_with_light_pole
harvest_20260524_153436_301747_jpg.rf.fa257bf0ab606261d2381250c7fce09b.jpg,valid,4,sky_with_light_pole
harvest_20260524_153438_716289_jpg.rf.4706f2f7d7fe87eae96dd39f09c67a94.jpg,valid,4,sky_with_light_pole
harvest_20260524_153438_872903_jpg.rf.3168f043308946dbab92cc222b679f08.jpg,valid,4,sky_with_light_pole
harvest_20260524_153440_614223_jpg.rf.e9972cf316ba3a9eda792b38036edcfa.jpg,valid,4,sky_with_light_pole
harvest_20260524_153440_985221_jpg.rf.4df5ed94856e38e69c7e9b1cab157c6f.jpg,valid,4,sky_with_light_pole
harvest_20260524_153441_473913_jpg.rf.3700c0db0f95429c520f49b8fcb61956.jpg,valid,4,sky_with_light_pole
harvest_20260524_153441_823976_jpg.rf.ac7deac9757516ebc49e26332c7cba45.jpg,valid,4,sky_with_light_pole
harvest_20260526_145559_118987_jpg.rf.fb4674920e2a81a2e2ce8f83fbe2ef89.jpg,valid,5,cloudy_sky_with_moon
harvest_20260526_150734_683767_jpg.rf.46d936713999c9f5423eff31cc39b165.jpg,valid,5,cloudy_sky_with_moon
harvest_20260527_011146_959601_jpg.rf.a1d98b99cdf4d9a45e7aaaf134ffcc60.jpg,valid,5,cloudy_sky_with_moon
harvest_20260527_011147_374083_jpg.rf.bc262e5842200d1a41fc8b093636a31d.jpg,valid,5,cloudy_sky_with_moon
harvest_20260527_011147_788592_jpg.rf.a4075360d92e185f7788204a8ccd200f.jpg,valid,5,cloudy_sky_with_moon
harvest_20260527_011148_278813_jpg.rf.0e915d636ba4d2112338856aac410d35.jpg,valid,5,cloudy_sky_with_moon
harvest_20260527_011149_581801_jpg.rf.f56c584c61e4f8d70196fd430b3cdefe.jpg,valid,5,cloudy_sky_with_moon
harvest_20260527_011149_710457_jpg.rf.137a908f05a79d7d44beb4c6db003a21.jpg,valid,5,cloudy_sky_with_moon
harvest_20260527_011150_659957_jpg.rf.bffceb32b20138ac5f057b20c08771c4.jpg,valid,5,cloudy_sky_with_moon
harvest_20260527_011154_056766_jpg.rf.520f562d8b5cd72c5227dbc91195057e.jpg,valid,5,cloudy_sky_with_moon
harvest_20260527_011155_530370_jpg.rf.12619918c49dba354549535fa286106a.jpg,valid,5,cloudy_sky_with_moon
harvest_20260527_011156_758893_jpg.rf.5ccd28c7a615633c1641f6fb0d54ff1e.jpg,valid,5,cloudy_sky_with_moon
harvest_20260527_011156_907470_jpg.rf.0bbb77ca4c2d14b7e975b31bb867741d.jpg,valid,5,cloudy_sky_with_moon
harvest_20260527_011156_922463_jpg.rf.4b02e2b5ae06a0da19bfdd1bcb1691d0.jpg,valid,5,cloudy_sky_with_moon
harvest_20260527_011158_829847_jpg.rf.6c30d88f53c72634f9fcc84ff501941c.jpg,valid,5,cloudy_sky_with_moon
harvest_20260527_011159_128690_jpg.rf.0a6d3359b1b77542f182e98aa56ede94.jpg,valid,5,cloudy_sky_with_moon
harvest_20260527_011200_156966_jpg.rf.d291c2ec3fd8d0382e667eccd82d6837.jpg,valid,5,cloudy_sky_with_moon
harvest_20260527_011200_878551_jpg.rf.642f2336eb87d1f2f163bbbdd5a59b48.jpg,valid,5,cloudy_sky_with_moon
harvest_20260527_011202_304854_jpg.rf.419b50112e1474c02299167690a390f6.jpg,valid,5,cloudy_sky_with_moon
harvest_20260527_011202_424533_jpg.rf.4ec24ca9bec7778500fb13280b2c87b6.jpg,valid,5,cloudy_sky_with_moon
harvest_20260527_012833_996713_jpg.rf.1001865ee4f15ec343e8f6221619aae8.jpg,valid,5,cloudy_sky_with_moon
harvest_20260527_012834_177309_jpg.rf.4a3c1d9034855e87780d8e9a6b2138c0.jpg,valid,5,cloudy_sky_with_moon
harvest_20260527_012834_518299_jpg.rf.c7d5288dbd6710e063b1369b61b4757f.jpg,valid,5,cloudy_sky_with_moon
harvest_20260527_115121_729033_jpg.rf.d918c189afa66c5513a95ace3fc0667c.jpg,valid,5,cloudy_sky_with_moon
harvest_20260527_115130_550877_jpg.rf.771ed779e88648ac22dafe7022a39be4.jpg,valid,5,cloudy_sky_with_moon
harvest_20260524_141328_492208_jpg.rf.3be64ca7375159f87b831806544deacf.jpg,valid,6,car_ground_background
harvest_20260524_141328_708661_jpg.rf.329d1f2c7047094735dc0632fd5f7100.jpg,valid,6,car_ground_background
harvest_20260524_141329_558356_jpg.rf.7edb91a521ae039330fbbca6c8e01dd6.jpg,valid,6,car_ground_background
harvest_20260524_141329_896451_jpg.rf.72ac29b7786550daa8a8f3008f243c24.jpg,valid,6,car_ground_background
harvest_20260524_141330_030092_jpg.rf.c696a5f313e11700a2312a7c8279506a.jpg,valid,6,car_ground_background
harvest_20260524_160028_059927_jpg.rf.fa1fbae9a29f44a3799092a17324d764.jpg,valid,6,car_ground_background
harvest_20260524_160028_250442_jpg.rf.0e450c4993e484285fc358591275c3ad.jpg,valid,6,car_ground_background
harvest_20260524_160028_575582_jpg.rf.e421efc9db5d6f6a4f56ea5e84dcf217.jpg,valid,6,car_ground_background
harvest_20260524_163022_774960_jpg.rf.8c52f83b05ca5aa10c2a8b374f40993e.jpg,valid,6,car_ground_background
harvest_20260524_163022_879680_jpg.rf.15dcba63c75a14d74a025d37c7552f9b.jpg,valid,6,car_ground_background
harvest_20260524_163024_025614_jpg.rf.6d7221e8129ae6f14bca6e41925858d7.jpg,valid,6,car_ground_background
harvest_20260524_163024_546223_jpg.rf.58e4dfd88758f06a04f44936dbaf4cd8.jpg,valid,6,car_ground_background
harvest_20260524_163025_179528_jpg.rf.4953e007860a3d20af225a3720807193.jpg,valid,6,car_ground_background
harvest_20260524_163026_149931_jpg.rf.9b0a7e6032ea3581db0790f33e7164e0.jpg,valid,6,car_ground_background
harvest_20260524_163026_862029_jpg.rf.cdc24af5337f8684abb45800f370748c.jpg,valid,6,car_ground_background
harvest_20260524_163027_339749_jpg.rf.3cbfefff7f713a1973ca42584559daf3.jpg,valid,6,car_ground_background
harvest_20260524_163027_536225_jpg.rf.4f080e0289a584b297c4c041943df6f0.jpg,valid,6,car_ground_background
harvest_20260524_163213_512614_jpg.rf.bc7be814cfaff9fcf967ac709feeb15c.jpg,valid,6,car_ground_background
harvest_20260524_163213_855669_jpg.rf.7808251878b3e7d92d85a1f48267a95a.jpg,valid,6,car_ground_background
harvest_20260524_173509_469263_jpg.rf.7b0c2d83df7caef58ff4fe27dbf66331.jpg,valid,6,car_ground_background
harvest_20260524_173509_601292_jpg.rf.3386a3b64a32b1830d5d546560c9c755.jpg,valid,6,car_ground_background
harvest_20260524_173523_480750_jpg.rf.fd976a624edd24a9e032cba4b951acb5.jpg,valid,6,car_ground_background
bg_Rec_0002_002075_jpg.rf.09a621e5787c4a0f7597dce92d00b811.jpg,valid,7,half_sky_half_ground
bg_Rec_0002_002090_jpg.rf.e78f6f57109338d98ba8fa9054467452.jpg,valid,7,half_sky_half_ground
bg_Rec_0002_002105_jpg.rf.c599456d11b083256231f434ab2aa981.jpg,valid,7,half_sky_half_ground
bg_Rec_0002_002110_jpg.rf.4039e56cd4790b97c67ee59fe9b4ae37.jpg,valid,7,half_sky_half_ground
bg_Rec_0002_002120_jpg.rf.69929c308e5b9bfcd2651c04343f8321.jpg,valid,7,half_sky_half_ground
bg_Rec_0002_002130_jpg.rf.9c6b5026135029378102bda787fc5361.jpg,valid,7,half_sky_half_ground
bg_Rec_0002_002155_jpg.rf.13d2b8f27a8a871aaabcae80b641d9ef.jpg,valid,7,half_sky_half_ground
bg_Rec_0002_002160_jpg.rf.07fa4d6077082a02b125e490c1425291.jpg,valid,7,half_sky_half_ground
bg_Rec_0002_002165_jpg.rf.4b829575e8c545268a831f46d572020c.jpg,valid,7,half_sky_half_ground
bg_Rec_0002_002170_jpg.rf.52ad10a9fdb4ba87c80e722c21f21035.jpg,valid,7,half_sky_half_ground
bg_Rec_0002_002175_jpg.rf.91a4ea14b7e810b8777b5f10d58708bc.jpg,valid,7,half_sky_half_ground
bg_Rec_0002_002205_jpg.rf.531b59711a897c75600b949936fd2499.jpg,valid,7,half_sky_half_ground
bg_Rec_0002_002220_jpg.rf.8713df1f019a7c9b208640a64358136c.jpg,valid,7,half_sky_half_ground
bg_Rec_0002_002225_jpg.rf.da7f9ab179ba65767eb114bf3ea9c5cf.jpg,valid,7,half_sky_half_ground
bg_Rec_0002_002230_jpg.rf.e8e9c5502ebf5a9e8d9291c8c5309f37.jpg,valid,7,half_sky_half_ground
bg_Rec_0002_002240_jpg.rf.cbb50466f49a0ddb6d541b0ff0d8e419.jpg,valid,7,half_sky_half_ground
bg_Rec_0002_002250_jpg.rf.d1153fbbb50e046cce83e6b4bb6969d5.jpg,valid,7,half_sky_half_ground
bg_Rec_0002_002285_jpg.rf.8d47483c4345131627ea7fe3376391d0.jpg,valid,7,half_sky_half_ground
harvest_20260524_101048_154164_jpg.rf.8ffa97ed2355ed7326068c02830168e8.jpg,valid,8,mostly_sky_with_some_ground
harvest_20260524_101048_652861_jpg.rf.593ccc2580af471d1428f4f9aafd1855.jpg,valid,8,mostly_sky_with_some_ground
harvest_20260524_101048_819382_jpg.rf.b5861b229af209ff0706c0c2f619041d.jpg,valid,8,mostly_sky_with_some_ground
harvest_20260524_101048_981949_jpg.rf.36ce2a95595aa9cf168d5dbbcf12798d.jpg,valid,8,mostly_sky_with_some_ground
harvest_20260524_101049_329020_jpg.rf.aa963931c089100a2659aa07ee23e31e.jpg,valid,8,mostly_sky_with_some_ground
harvest_20260524_101049_642183_jpg.rf.b24e2cce342ce7cf8379b5748a48ee7a.jpg,valid,8,mostly_sky_with_some_ground
harvest_20260524_101049_978317_jpg.rf.81ff16b2802e00723732c71799929845.jpg,valid,8,mostly_sky_with_some_ground
harvest_20260524_141454_916073_jpg.rf.b6dbbba251c38b08a288efc5a08ed6c0.jpg,valid,8,mostly_sky_with_some_ground
harvest_20260524_141455_754830_jpg.rf.e0e8b064ff03eb4ede095470b40632dc.jpg,valid,8,mostly_sky_with_some_ground
harvest_20260524_141455_945286_jpg.rf.c969f8d82ef97c8f64dd0d3abec025c8.jpg,valid,8,mostly_sky_with_some_ground
harvest_20260524_160030_280987_jpg.rf.b214bb7db6196cb5d24d6b1c1a1e8fa3.jpg,valid,8,mostly_sky_with_some_ground
harvest_20260524_160031_870735_jpg.rf.d1792f9c1fb097d61c91e7d7ac58964e.jpg,valid,8,mostly_sky_with_some_ground
harvest_20260524_160032_386354_jpg.rf.d0ef6a3f04c15966b1f3e93498a0cf8d.jpg,valid,8,mostly_sky_with_some_ground
harvest_20260524_162454_529136_jpg.rf.7cfa4e4c214b822ddec3147dd370837f.jpg,valid,8,mostly_sky_with_some_ground
harvest_20260524_162454_846285_jpg.rf.819307b0002dc2124f8ce56941d96f26.jpg,valid,8,mostly_sky_with_some_ground
harvest_20260524_162455_845612_jpg.rf.10cb8d31cd8fcc7e4a162f7ab0ed337f.jpg,valid,8,mostly_sky_with_some_ground
harvest_20260524_162456_024134_jpg.rf.6089fa221ce1f58e547727cbf96183f4.jpg,valid,8,mostly_sky_with_some_ground
harvest_20260524_163307_105896_jpg.rf.f99a513d2829ff56870b00872d3e389a.jpg,valid,8,mostly_sky_with_some_ground
harvest_20260524_163307_265464_jpg.rf.e0ce915fe775d75cf8a8505a28a5e96d.jpg,valid,8,mostly_sky_with_some_ground
harvest_20260524_163315_419623_jpg.rf.a905fc879b55fb820a965eb8bf54e1ee.jpg,valid,8,mostly_sky_with_some_ground
harvest_20260524_163316_330184_jpg.rf.364e9af3cc2c2e1a03ba4ddf9f78eda3.jpg,valid,8,mostly_sky_with_some_ground
harvest_20260524_165437_094756_jpg.rf.5548ec8d2b756c9bfc3ccbed7e617ba2.jpg,valid,8,mostly_sky_with_some_ground
harvest_20260524_165437_363026_jpg.rf.14f2a29a3552345c2b37cc067350a043.jpg,valid,8,mostly_sky_with_some_ground
harvest_20260524_165438_316507_jpg.rf.2190469fa56c2e82ecb2b85470b0904a.jpg,valid,8,mostly_sky_with_some_ground
harvest_20260524_165439_047548_jpg.rf.c5b4e2a2c28e5519fbc5afbe3510573b.jpg,valid,8,mostly_sky_with_some_ground
harvest_20260524_165439_545215_jpg.rf.47ae913e5e8150cb3cb45b9b41ca0394.jpg,valid,8,mostly_sky_with_some_ground
harvest_20260524_165440_570449_jpg.rf.12ae94cb6c18e874e731e623984dd3e9.jpg,valid,8,mostly_sky_with_some_ground
harvest_20260526_145757_672635_jpg.rf.5f65d1a8c9d36f0400a0995c4efc2789.jpg,valid,8,mostly_sky_with_some_ground
harvest_20260526_145803_830345_jpg.rf.cd532f6ccd2249c75374163e9a45d6cf.jpg,valid,8,mostly_sky_with_some_ground
harvest_20260526_145803_900158_jpg.rf.8e0eea2851fe0f257763353968a64cad.jpg,valid,8,mostly_sky_with_some_ground
harvest_20260526_145804_241246_jpg.rf.35954ee5cf4e8636eacee324d04a4f76.jpg,valid,8,mostly_sky_with_some_ground
harvest_20260526_145804_309063_jpg.rf.e79b6b1fbdcadfb7035e7e3502b45f93.jpg,valid,8,mostly_sky_with_some_ground
harvest_20260526_145804_964309_jpg.rf.95a6e4185baf1ef42fc20dcb421b4a83.jpg,valid,8,mostly_sky_with_some_ground
harvest_20260526_145805_025146_jpg.rf.e37574a3daee68521438f1168c1110d0.jpg,valid,8,mostly_sky_with_some_ground
harvest_20260526_145805_087977_jpg.rf.34ead742db48212d125c57f59c9b0315.jpg,valid,8,mostly_sky_with_some_ground
harvest_20260526_145805_374211_jpg.rf.33c7ea61c42674c33a132774ca66e6a2.jpg,valid,8,mostly_sky_with_some_ground
harvest_20260526_145805_443027_jpg.rf.5e696f4a7399d5b52140fb6befddfe93.jpg,valid,8,mostly_sky_with_some_ground
harvest_20260526_145916_002404_jpg.rf.1127071120dc4234af56c8d8cc3074d0.jpg,valid,8,mostly_sky_with_some_ground
harvest_20260526_145917_334676_jpg.rf.75c31e1814c5cd4b7235714e344b9af6.jpg,valid,8,mostly_sky_with_some_ground
harvest_20260526_145917_521950_jpg.rf.d76ba5249576c55100f50451d1a0ee54.jpg,valid,8,mostly_sky_with_some_ground
harvest_20260526_145917_933780_jpg.rf.d951441c7128ccd0809488b5da402a57.jpg,valid,8,mostly_sky_with_some_ground
harvest_20260526_235811_366176_jpg.rf.d2578d8e2a1144c5af0d417d344f90b6.jpg,valid,8,mostly_sky_with_some_ground
harvest_20260527_002335_990760_jpg.rf.044eb2b4da862d92e95d28f8e242dcae.jpg,valid,8,mostly_sky_with_some_ground
harvest_20260522_224259_491703_jpg.rf.18698e0e3354f23327b114ae2ea2fe25.jpg,valid,9,wall_with_object
harvest_20260522_224259_934171_jpg.rf.738d869b8344402c0519600531bf6d94.jpg,valid,9,wall_with_object
harvest_20260522_224300_125220_jpg.rf.254d4c70e49bcf7e8581567230c46418.jpg,valid,9,wall_with_object
harvest_20260522_225230_828500_jpg.rf.43cb91ef943c11e81feee266ca85e0fd.jpg,valid,9,wall_with_object
harvest_20260522_225233_171210_jpg.rf.667cac590b6a57d70a6deba841d06c08.jpg,valid,9,wall_with_object
harvest_20260522_225233_513975_jpg.rf.97d075185fd011aa16db4d0973af26fd.jpg,valid,9,wall_with_object
harvest_20260523_200052_025482_jpg.rf.5e4a6dfb362580e82a4fb76365dca800.jpg,valid,9,wall_with_object
harvest_20260523_200052_315694_jpg.rf.68b621c01622aef9d4b3090efd20d3cc.jpg,valid,9,wall_with_object
harvest_20260523_200054_031029_jpg.rf.79513b85e13f4d2a9408b20f9d176d49.jpg,valid,9,wall_with_object
harvest_20260523_200054_873735_jpg.rf.2452516790a1b6fab7b418abedefb664.jpg,valid,9,wall_with_object
harvest_20260523_200055_597510_jpg.rf.a93258cbd3d553b97943b40d18ea637e.jpg,valid,9,wall_with_object
harvest_20260526_145629_053953_jpg.rf.2c03ef04ff241a05bd7b6085d46d50c7.jpg,valid,9,wall_with_object
harvest_20260526_150904_113565_jpg.rf.f7743a543b999d832c0e3d9d962da336.jpg,valid,9,wall_with_object
harvest_20260526_150904_218285_jpg.rf.10646101f426b4c090e7fe8e1f12ba44.jpg,valid,9,wall_with_object
harvest_20260526_150906_495305_jpg.rf.bcb38b01d19e472a5ff44afb13bb8e79.jpg,valid,9,wall_with_object
harvest_20260526_150907_036787_jpg.rf.a13616fa0ab971ed0ff193d0ee6d5fec.jpg,valid,9,wall_with_object
harvest_20260526_150907_399241_jpg.rf.46fdfa085265f7f939fbdfb901884c4e.jpg,valid,9,wall_with_object
harvest_20260526_150908_920100_jpg.rf.225c2e6c6b1b32bbc7d72627833fd276.jpg,valid,9,wall_with_object
harvest_20260526_150909_822681_jpg.rf.6e4590c8438eb00f21e7a0cadc30bbd9.jpg,valid,9,wall_with_object
