variant,AUROC vs non-drone,95% CI vs non-drone,AUROC vs new non-drone,95% CI vs new non-drone,distinct values,share at the most common value,Spearman rho with SCR
mean_nb (K=8),0.639,"[0.614, 0.662]",0.635,"[0.608, 0.661]",18,0.212,0.54
lcc / K (K=8),0.549,"[0.529, 0.571]",0.567,"[0.546, 0.589]",8,0.711,0.3
share touching another top-K pixel (K=8),0.52,"[0.507, 0.534]",0.534,"[0.519, 0.548]",8,0.883,0.22
mean_nb (K=15),0.654,"[0.628, 0.679]",0.651,"[0.624, 0.676]",36,0.15,0.57
lcc / K (K=15),0.574,"[0.553, 0.595]",0.589,"[0.571, 0.613]",15,0.583,0.34
share touching another top-K pixel (K=15),0.511,"[0.500, 0.525]",0.526,"[0.514, 0.538]",9,0.889,0.2
mean_nb (K=25),0.663,"[0.641, 0.690]",0.658,"[0.634, 0.683]",58,0.1,0.56
lcc / K (K=25),0.597,"[0.577, 0.624]",0.598,"[0.577, 0.622]",25,0.542,0.22
share touching another top-K pixel (K=25),0.52,"[0.511, 0.530]",0.532,"[0.520, 0.544]",8,0.903,0.16
