negatives,peak (x ring std),median SCR,detected by SCR >= 1.8,median mean_nb,detected by mean_nb >= 0.65
non_drone,0,1.3,0.27,0.517,0.084
non_drone,1,1.36,0.292,0.517,0.143
non_drone,2,1.59,0.399,0.533,0.229
non_drone,3,1.98,0.643,0.567,0.37
non_drone,5,3.09,0.973,0.65,0.643
non_drone,8,4.91,0.999,0.65,0.889
new_non_drone,0,1.35,0.291,0.517,0.098
new_non_drone,1,1.42,0.321,0.533,0.146
new_non_drone,2,1.63,0.412,0.533,0.223
new_non_drone,3,2.03,0.661,0.567,0.355
new_non_drone,5,3.09,0.982,0.65,0.617
new_non_drone,8,4.93,1.0,0.65,0.88
